"context","gene","n_samples","gain_or_amp_n","high_amp_n","gain_or_amp_percent","high_amp_percent"
"CRC","ALK",592,117,0,19.7635135135135,0
"CRC","AXL",592,122,1,20.6081081081081,0.168918918918919
"CRC","CSF1R",592,56,1,9.45945945945946,0.168918918918919
"CRC","EGFR",592,336,4,56.7567567567568,0.675675675675676
"CRC","EPHA1",592,298,1,50.3378378378378,0.168918918918919
"CRC","EPHA2",592,12,0,2.02702702702703,0
"CRC","EPHB2",592,11,0,1.85810810810811,0
"CRC","EPHB4",592,293,3,49.4932432432432,0.506756756756757
"CRC","ERBB2",592,150,20,25.3378378378378,3.37837837837838
"CRC","ERBB3",592,115,1,19.4256756756757,0.168918918918919
"CRC","ERBB4",592,120,0,20.2702702702703,0
"CRC","FGFR1",592,201,24,33.9527027027027,4.05405405405405
"CRC","FGFR2",592,26,2,4.39189189189189,0.337837837837838
"CRC","FGFR3",592,26,2,4.39189189189189,0.337837837837838
"CRC","FGFR4",592,66,0,11.1486486486486,0
"CRC","FLT1",592,378,32,63.8513513513514,5.40540540540541
"CRC","FLT4",592,67,0,11.3175675675676,0
"CRC","IGF1R",592,36,2,6.08108108108108,0.337837837837838
"CRC","INSR",592,96,0,16.2162162162162,0
"CRC","KDR",592,32,1,5.40540540540541,0.168918918918919
"CRC","KIT",592,32,1,5.40540540540541,0.168918918918919
"CRC","MERTK",592,114,0,19.2567567567568,0
"CRC","MET",592,291,1,49.1554054054054,0.168918918918919
"CRC","NTRK1",592,134,3,22.6351351351351,0.506756756756757
"CRC","PDGFRA",592,31,2,5.23648648648649,0.337837837837838
"CRC","PDGFRB",592,57,1,9.62837837837838,0.168918918918919
"CRC","RET",592,34,1,5.74324324324324,0.168918918918919
"CRC","ROS1",592,96,0,16.2162162162162,0
"CRC","TEK",592,120,1,20.2702702702703,0.168918918918919
"CRC","TYRO3",592,20,0,3.37837837837838,0
"ESCC","ALK",96,61,0,63.5416666666667,0
"ESCC","AXL",96,47,0,48.9583333333333,0
"ESCC","CSF1R",96,31,0,32.2916666666667,0
"ESCC","EGFR",96,64,14,66.6666666666667,14.5833333333333
"ESCC","EPHA1",96,44,0,45.8333333333333,0
"ESCC","EPHA2",96,42,0,43.75,0
"ESCC","EPHB2",96,39,0,40.625,0
"ESCC","EPHB4",96,66,8,68.75,8.33333333333333
"ESCC","ERBB2",96,56,3,58.3333333333333,3.125
"ESCC","ERBB3",96,51,0,53.125,0
"ESCC","ERBB4",96,43,0,44.7916666666667,0
"ESCC","FGFR1",96,52,7,54.1666666666667,7.29166666666667
"ESCC","FGFR2",96,38,0,39.5833333333333,0
"ESCC","FGFR3",96,24,1,25,1.04166666666667
"ESCC","FGFR4",96,29,0,30.2083333333333,0
"ESCC","FLT1",96,32,0,33.3333333333333,0
"ESCC","FLT4",96,31,1,32.2916666666667,1.04166666666667
"ESCC","IGF1R",96,50,1,52.0833333333333,1.04166666666667
"ESCC","INSR",96,35,0,36.4583333333333,0
"ESCC","KDR",96,40,2,41.6666666666667,2.08333333333333
"ESCC","KIT",96,41,4,42.7083333333333,4.16666666666667
"ESCC","MERTK",96,60,1,62.5,1.04166666666667
"ESCC","MET",96,51,3,53.125,3.125
"ESCC","NTRK1",96,61,4,63.5416666666667,4.16666666666667
"ESCC","PDGFRA",96,40,2,41.6666666666667,2.08333333333333
"ESCC","PDGFRB",96,31,0,32.2916666666667,0
"ESCC","RET",96,45,0,46.875,0
"ESCC","ROS1",96,38,0,39.5833333333333,0
"ESCC","TEK",96,31,2,32.2916666666667,2.08333333333333
"ESCC","TYRO3",96,38,1,39.5833333333333,1.04166666666667
"HCC","ALK",367,56,1,15.2588555858311,0.272479564032698
"HCC","AXL",367,74,1,20.1634877384196,0.272479564032698
"HCC","CSF1R",367,124,0,33.7874659400545,0
"HCC","EGFR",367,110,4,29.9727520435967,1.08991825613079
"HCC","EPHA1",367,112,1,30.5177111716621,0.272479564032698
"HCC","EPHA2",367,25,2,6.81198910081744,0.544959128065395
"HCC","EPHB2",367,19,1,5.17711171662125,0.272479564032698
"HCC","EPHB4",367,116,2,31.6076294277929,0.544959128065395
"HCC","ERBB2",367,94,3,25.6130790190736,0.817438692098093
"HCC","ERBB3",367,55,4,14.9863760217984,1.08991825613079
"HCC","ERBB4",367,51,1,13.8964577656676,0.272479564032698
"HCC","FGFR1",367,45,4,12.2615803814714,1.08991825613079
"HCC","FGFR2",367,38,0,10.3542234332425,0
"HCC","FGFR3",367,42,0,11.4441416893733,0
"HCC","FGFR4",367,132,3,35.9673024523161,0.817438692098093
"HCC","FLT1",367,21,2,5.72207084468665,0.544959128065395
"HCC","FLT4",367,127,1,34.6049046321526,0.272479564032698
"HCC","IGF1R",367,52,3,14.1689373297003,0.817438692098093
"HCC","INSR",367,50,0,13.6239782016349,0
"HCC","KDR",367,19,1,5.17711171662125,0.272479564032698
"HCC","KIT",367,20,1,5.44959128065395,0.272479564032698
"HCC","MERTK",367,42,1,11.4441416893733,0.272479564032698
"HCC","MET",367,119,9,32.425068119891,2.45231607629428
"HCC","NTRK1",367,275,38,74.9318801089918,10.3542234332425
"HCC","PDGFRA",367,21,1,5.72207084468665,0.272479564032698
"HCC","PDGFRB",367,124,1,33.7874659400545,0.272479564032698
"HCC","RET",367,51,2,13.8964577656676,0.544959128065395
"HCC","ROS1",367,50,1,13.6239782016349,0.272479564032698
"HCC","TEK",367,22,0,5.99455040871935,0
"HCC","TYRO3",367,35,0,9.53678474114441,0
"LUAD","ALK",508,288,8,56.6929133858268,1.5748031496063
"LUAD","AXL",508,245,9,48.2283464566929,1.77165354330709
"LUAD","CSF1R",508,202,6,39.7637795275591,1.18110236220472
"LUAD","EGFR",508,342,53,67.3228346456693,10.4330708661417
"LUAD","EPHA1",508,300,22,59.0551181102362,4.33070866141732
"LUAD","EPHA2",508,239,9,47.0472440944882,1.77165354330709
"LUAD","EPHB2",508,235,8,46.259842519685,1.5748031496063
"LUAD","EPHB4",508,310,22,61.0236220472441,4.33070866141732
"LUAD","ERBB2",508,303,21,59.6456692913386,4.13385826771654
"LUAD","ERBB3",508,268,11,52.755905511811,2.16535433070866
"LUAD","ERBB4",508,276,3,54.3307086614173,0.590551181102362
"LUAD","FGFR1",508,217,24,42.7165354330709,4.7244094488189
"LUAD","FGFR2",508,236,4,46.4566929133858,0.78740157480315
"LUAD","FGFR3",508,232,7,45.6692913385827,1.37795275590551
"LUAD","FGFR4",508,219,12,43.1102362204724,2.36220472440945
"LUAD","FLT1",508,148,3,29.1338582677165,0.590551181102362
"LUAD","FLT4",508,222,12,43.7007874015748,2.36220472440945
"LUAD","IGF1R",508,203,1,39.9606299212598,0.196850393700787
"LUAD","INSR",508,143,0,28.1496062992126,0
"LUAD","KDR",508,244,10,48.0314960629921,1.96850393700787
"LUAD","KIT",508,254,13,50,2.55905511811024
"LUAD","MERTK",508,295,5,58.0708661417323,0.984251968503937
"LUAD","MET",508,305,29,60.0393700787402,5.70866141732283
"LUAD","NTRK1",508,391,52,76.9685039370079,10.2362204724409
"LUAD","PDGFRA",508,245,10,48.2283464566929,1.96850393700787
"LUAD","PDGFRB",508,205,6,40.3543307086614,1.18110236220472
"LUAD","RET",508,266,5,52.3622047244095,0.984251968503937
"LUAD","ROS1",508,145,2,28.5433070866142,0.393700787401575
"LUAD","TEK",508,179,9,35.2362204724409,1.77165354330709
"LUAD","TYRO3",508,152,0,29.9212598425197,0
"PAAD","ALK",182,32,0,17.5824175824176,0
"PAAD","AXL",182,47,1,25.8241758241758,0.549450549450549
"PAAD","CSF1R",182,35,0,19.2307692307692,0
"PAAD","EGFR",182,53,0,29.1208791208791,0
"PAAD","EPHA1",182,43,1,23.6263736263736,0.549450549450549
"PAAD","EPHA2",182,26,0,14.2857142857143,0
"PAAD","EPHB2",182,21,0,11.5384615384615,0
"PAAD","EPHB4",182,47,1,25.8241758241758,0.549450549450549
"PAAD","ERBB2",182,41,3,22.5274725274725,1.64835164835165
"PAAD","ERBB3",182,36,0,19.7802197802198,0
"PAAD","ERBB4",182,38,0,20.8791208791209,0
"PAAD","FGFR1",182,34,2,18.6813186813187,1.0989010989011
"PAAD","FGFR2",182,33,1,18.1318681318681,0.549450549450549
"PAAD","FGFR3",182,33,2,18.1318681318681,1.0989010989011
"PAAD","FGFR4",182,38,0,20.8791208791209,0
"PAAD","FLT1",182,40,1,21.978021978022,0.549450549450549
"PAAD","FLT4",182,39,0,21.4285714285714,0
"PAAD","IGF1R",182,35,1,19.2307692307692,0.549450549450549
"PAAD","INSR",182,33,1,18.1318681318681,0.549450549450549
"PAAD","KDR",182,35,1,19.2307692307692,0.549450549450549
"PAAD","KIT",182,46,1,25.2747252747253,0.549450549450549
"PAAD","MERTK",182,36,0,19.7802197802198,0
"PAAD","MET",182,41,0,22.5274725274725,0
"PAAD","NTRK1",182,62,3,34.0659340659341,1.64835164835165
"PAAD","PDGFRA",182,33,1,18.1318681318681,0.549450549450549
"PAAD","PDGFRB",182,35,0,19.2307692307692,0
"PAAD","RET",182,31,0,17.032967032967,0
"PAAD","ROS1",182,16,0,8.79120879120879,0
"PAAD","TEK",182,19,1,10.4395604395604,0.549450549450549
"PAAD","TYRO3",182,23,0,12.6373626373626,0
"STAD","ALK",436,177,0,40.5963302752294,0
"STAD","AXL",436,171,5,39.2201834862385,1.14678899082569
"STAD","CSF1R",436,120,1,27.5229357798165,0.229357798165138
"STAD","EGFR",436,248,26,56.8807339449541,5.96330275229358
"STAD","EPHA1",436,180,4,41.2844036697248,0.917431192660551
"STAD","EPHA2",436,144,6,33.0275229357798,1.37614678899083
"STAD","EPHB2",436,127,4,29.1284403669725,0.917431192660551
"STAD","EPHB4",436,236,20,54.1284403669725,4.58715596330275
"STAD","ERBB2",436,205,55,47.0183486238532,12.6146788990826
"STAD","ERBB3",436,191,11,43.8073394495413,2.52293577981651
"STAD","ERBB4",436,174,2,39.9082568807339,0.458715596330275
"STAD","FGFR1",436,195,10,44.7247706422018,2.29357798165138
"STAD","FGFR2",436,178,14,40.8256880733945,3.21100917431193
"STAD","FGFR3",436,114,4,26.1467889908257,0.917431192660551
"STAD","FGFR4",436,119,0,27.2935779816514,0
"STAD","FLT1",436,215,14,49.3119266055046,3.21100917431193
"STAD","FLT4",436,117,0,26.8348623853211,0
"STAD","IGF1R",436,187,13,42.8899082568807,2.98165137614679
"STAD","INSR",436,109,1,25,0.229357798165138
"STAD","KDR",436,118,4,27.0642201834862,0.917431192660551
"STAD","KIT",436,119,4,27.2935779816514,0.917431192660551
"STAD","MERTK",436,186,5,42.6605504587156,1.14678899082569
"STAD","MET",436,208,15,47.7064220183486,3.44036697247706
"STAD","NTRK1",436,226,11,51.8348623853211,2.52293577981651
"STAD","PDGFRA",436,116,4,26.605504587156,0.917431192660551
"STAD","PDGFRB",436,122,1,27.9816513761468,0.229357798165138
"STAD","RET",436,174,6,39.9082568807339,1.37614678899083
"STAD","ROS1",436,161,2,36.9266055045872,0.458715596330275
"STAD","TEK",436,118,4,27.0642201834862,0.917431192660551
"STAD","TYRO3",436,133,1,30.5045871559633,0.229357798165138
