"accession","n_comp","n_samples","join"
"GSE32863",114,114,"by position (documented)"
"GSE19804",120,120,"by position (documented)"
"GSE10072",66,66,"by position (documented)"
"GSE44076",196,196,"by position (documented)"
"GSE41258",235,235,"by position (documented)"
"GSE23878",59,59,"by position (documented)"
"GSE75214",97,97,"by position (documented)"
"GSE87473",127,127,"by position (documented)"
"GSE179285",53,53,"by position (documented)"
"GSE4302",70,70,"by position (documented)"
"GSE43696",108,108,"by position (documented)"
"GSE67472",105,105,"by position (documented)"
"GSE27342",160,160,"by position (documented)"
"GSE63089",90,90,"by position (documented)"
"GSE13911",69,69,"by position (documented)"
"GSE15471",72,72,"by position (documented)"
"GSE28735",90,90,"by position (documented)"
"GSE62452",84,84,"by position (documented)"
"GSE57957",74,74,"by position (documented)"
"GSE62232",86,86,"by position (documented)"
"GSE23400",106,106,"by position (documented)"
"GSE20347",34,34,"by position (documented)"
"GSE76925",151,151,"by position (documented)"
"GSE47460",236,236,"by position (documented)"
"GSE33814",44,44,"by position (documented)"
"GSE66676",65,65,"by position (documented)"
