context,module,cell_type,paired,n_case_patients,n_control_patients,n_pairs,case_patient_mean,control_patient_mean,paired_diff_mean,p_value,p_method,fdr_global,fdr_context
CRC,VEGF_PDGF_AXIS,BEST4+ colonocyte,True,9,16,8,0.17615301555383228,0.18607311182308214,0.01553618779834514,0.84375,wilcoxon_paired,0.993851825734401,0.9282107469512195
CRC,VEGF_PDGF_AXIS,colon goblet cell,True,14,17,10,0.15503055198723897,0.15869676760119406,-0.01826361560014688,0.232421875,wilcoxon_paired,0.5300849780701754,0.40226862980769235
CRC,VEGF_PDGF_AXIS,colonocyte,True,14,20,13,0.16553353292994805,0.08711762936594339,0.05962567551837501,0.001708984375,wilcoxon_paired,0.029172062759826135,0.015380859375
CRC,VEGF_PDGF_AXIS,early colonocyte,True,18,20,14,0.13789180075649404,0.07937357516512003,0.06301404658234176,0.0001220703125,wilcoxon_paired,0.0079345703125,0.00274658203125
CRC,VEGF_PDGF_AXIS,enteroendocrine cell of colon,True,9,15,6,0.20457118418481615,0.17060554035006373,0.010820404833792827,1.0,wilcoxon_paired,1.0,1.0
CRC,VEGF_PDGF_AXIS,intestinal crypt stem cell of colon,True,21,20,16,0.1619247317469802,0.08791888287255119,0.09623401262295866,0.009185791015625,wilcoxon_paired,0.0781625770234257,0.04294655539772727
CRC,VEGF_PDGF_AXIS,malignant cell,True,28,20,19,0.1763520680396234,0.10505216877675108,0.07917423994945265,0.0033416748046875,wilcoxon_paired,0.03620147705078125,0.021482195172991072
CRC,VEGF_PDGF_AXIS,secretory cell,True,19,18,13,0.11649689767116432,0.0918446039447118,0.03791084497861677,0.010498046875,wilcoxon_paired,0.0781625770234257,0.04294655539772727
CRC,VEGF_PDGF_AXIS,tuft cell of colon,True,16,18,11,0.19951293967520545,0.15251459602932055,0.09916058848567683,0.0673828125,wilcoxon_paired,0.25764016544117646,0.15959087171052633
CRC,HGF_MET_AXIS,BEST4+ colonocyte,True,9,16,8,0.028959817218600734,0.15071442283152853,-0.13125429590691223,0.1484375,wilcoxon_paired,0.39667681049686,0.29042119565217395
CRC,HGF_MET_AXIS,colon goblet cell,True,14,17,10,0.14714460995119014,0.18937631368106247,-0.051039738034318174,0.064453125,wilcoxon_paired,0.25764016544117646,0.15959087171052633
CRC,HGF_MET_AXIS,colonocyte,True,14,20,13,0.17499311554263025,0.09444233108607608,0.05460202319083285,0.635498046875,wilcoxon_paired,0.8430076132015306,0.7525634765625
CRC,HGF_MET_AXIS,early colonocyte,True,18,20,14,0.1307128699360733,0.10548694317733384,0.03309000029025409,0.0166015625,wilcoxon_paired,0.09810014204545454,0.05746694711538462
CRC,HGF_MET_AXIS,enteroendocrine cell of colon,True,9,15,6,0.032653309404850006,0.02423678734612585,-0.010418503317568035,0.875,wilcoxon_paired,0.993851825734401,0.9375
CRC,HGF_MET_AXIS,intestinal crypt stem cell of colon,True,21,20,16,0.08456551289915731,0.07766118010212775,0.0032900234641417697,0.979949951171875,wilcoxon_paired,0.9952616691589355,1.0
CRC,HGF_MET_AXIS,malignant cell,True,28,20,19,0.2082022447721879,0.12901070017419347,0.10834217524707386,0.002399444580078125,wilcoxon_paired,0.0346586439344618,0.017995834350585938
CRC,HGF_MET_AXIS,secretory cell,True,19,18,13,0.0867050729003148,0.140433265639092,-0.011755636669970041,0.497314453125,wilcoxon_paired,0.7699554267970995,0.6819854063146255
CRC,HGF_MET_AXIS,tuft cell of colon,True,16,18,11,0.12273893626704035,0.05053041459929979,0.09008817021890296,0.296875,wilcoxon_paired,0.6257997928241841,0.47392746497844823
CRC,EPH_RECEPTORS,BEST4+ colonocyte,True,9,16,8,0.07169444330986435,0.15433295824201365,-0.12779984821461146,0.0234375,wilcoxon_paired,0.126953125,0.0703125
CRC,EPH_RECEPTORS,colon goblet cell,True,14,17,10,0.031910155765151396,0.07687070032934538,-0.041926281326041114,0.013671875,wilcoxon_paired,0.0888671875,0.05126953125
CRC,EPH_RECEPTORS,colonocyte,True,14,20,13,0.08894996979279042,0.0778622114591515,0.0047114391229376345,0.5693359375,wilcoxon_paired,0.804496433423913,0.7320033482142857
CRC,EPH_RECEPTORS,early colonocyte,True,18,20,14,0.19899654281950038,0.18905417242029252,0.019867941782054217,0.5015869140625,wilcoxon_paired,0.7699554267970995,0.6819854063146255
CRC,EPH_RECEPTORS,enteroendocrine cell of colon,True,9,15,6,0.06944487823380364,0.08936231501504185,0.011975641314257449,0.625,wilcoxon_paired,0.8376288659793815,0.7525634765625
CRC,EPH_RECEPTORS,intestinal crypt stem cell of colon,True,21,20,16,0.13429950481127134,0.24217053644946884,-0.08000712188996151,0.01824951171875,wilcoxon_paired,0.1031494140625,0.058659144810267856
CRC,EPH_RECEPTORS,malignant cell,True,28,20,19,0.2714748563251171,0.11733841210294593,0.1912826879303383,3.814697265625e-06,wilcoxon_paired,0.00049591064453125,0.000171661376953125
CRC,EPH_RECEPTORS,secretory cell,True,19,18,13,0.16341409809562132,0.18778113553634285,-0.04695369149783511,0.0478515625,wilcoxon_paired,0.23039641203703703,0.12666590073529413
CRC,EPH_RECEPTORS,tuft cell of colon,True,16,18,11,0.07142628796613548,0.1120686326299875,-0.02182920307300226,0.845703125,wilcoxon_paired,0.993851825734401,0.9282107469512195
CRC,JAK_STAT,BEST4+ colonocyte,True,9,16,8,0.27809979708748067,0.32528951830499886,-0.009839214861904408,0.84375,wilcoxon_paired,0.993851825734401,0.9282107469512195
CRC,JAK_STAT,colon goblet cell,True,14,17,10,0.2369874255500326,0.2895834352673626,-0.06990011840579258,0.083984375,wilcoxon_paired,0.2784756652595252,0.18896484375
CRC,JAK_STAT,colonocyte,True,14,20,13,0.31116182687472016,0.2460476199357459,0.07036396847494181,0.039794921875,wilcoxon_paired,0.198974609375,0.1119232177734375
CRC,JAK_STAT,early colonocyte,True,18,20,14,0.2576160923978865,0.21388323076712695,0.046546177962911606,0.0067138671875,wilcoxon_paired,0.067138671875,0.0377655029296875
CRC,JAK_STAT,enteroendocrine cell of colon,True,9,15,6,0.34867605042678335,0.39015074270173516,-0.1263077317652377,0.15625,wilcoxon_paired,0.3982843137254902,0.29296875
CRC,JAK_STAT,intestinal crypt stem cell of colon,True,21,20,16,0.25179117936354584,0.22686873879458364,0.06666543485600097,0.104583740234375,wilcoxon_paired,0.3161834007085756,0.2139212868430398
CRC,JAK_STAT,malignant cell,True,28,20,19,0.24169597672630186,0.23685299669725043,0.006478883838626396,0.5152778625488281,wilcoxon_paired,0.7699554267970995,0.6819854063146255
CRC,JAK_STAT,secretory cell,True,19,18,13,0.2602069555786437,0.24614592528545604,-0.004523968778385629,0.587890625,wilcoxon_paired,0.8217525533840019,0.73486328125
CRC,JAK_STAT,tuft cell of colon,True,16,18,11,0.3787186397238294,0.32681624970667755,0.09018124334246112,0.46484375,wilcoxon_paired,0.7631458636281018,0.674773185483871
CRC,WNT_CTNNB1,BEST4+ colonocyte,True,9,16,8,0.4183040639869391,0.48475988332343867,-0.03626775095305813,0.9453125,wilcoxon_paired,0.993851825734401,0.989280523255814
CRC,WNT_CTNNB1,colon goblet cell,True,14,17,10,0.2529640335459024,0.32838563511650876,-0.11098789187820199,0.009765625,wilcoxon_paired,0.0781625770234257,0.04294655539772727
CRC,WNT_CTNNB1,colonocyte,True,14,20,13,0.2971178124548887,0.2289880817414629,0.055541370189722,0.305419921875,wilcoxon_paired,0.6257997928241841,0.47392746497844823
CRC,WNT_CTNNB1,early colonocyte,True,18,20,14,0.3913222636673832,0.5177857900836617,-0.11122747397844687,0.0008544921875,wilcoxon_paired,0.022216796875,0.009613037109375
CRC,WNT_CTNNB1,enteroendocrine cell of colon,True,9,15,6,0.25849634408950806,0.26686317044768226,-0.06650623463707052,0.21875,wilcoxon_paired,0.5078125,0.39375
CRC,WNT_CTNNB1,intestinal crypt stem cell of colon,True,21,20,16,0.47711951453293416,0.39800606576691366,0.11965298479945738,0.09344482421875,wilcoxon_paired,0.296288467035061,0.20023890904017858
CRC,WNT_CTNNB1,malignant cell,True,28,20,19,0.698496942166918,0.43481017427343815,0.3134232632147506,0.000335693359375,wilcoxon_paired,0.0109100341796875,0.005035400390625
CRC,WNT_CTNNB1,secretory cell,True,19,18,13,0.34420604918691544,0.3991098803159891,-0.02844859693279576,0.305419921875,wilcoxon_paired,0.6257997928241841,0.47392746497844823
CRC,WNT_CTNNB1,tuft cell of colon,True,16,18,11,0.2671203832162958,0.2980631417545578,-0.045869399473816096,0.4130859375,wilcoxon_paired,0.6948940611206676,0.61962890625
IBD,VEGF_PDGF_AXIS,T cell of anorectum,False,12,6,0,0.016991134419332754,0.01401481873063045,,0.33548804137039434,mannwhitneyu,0.6440573661928387,0.6168255790180401
IBD,VEGF_PDGF_AXIS,colon epithelial cell,False,12,6,0,0.1316665396561579,0.13196725794226288,,0.8916181857358327,mannwhitneyu,0.993851825734401,0.9635854341736694
IBD,VEGF_PDGF_AXIS,myeloid cell,False,12,6,0,0.17275016298132473,0.15894769807733752,,0.9635854341736694,mannwhitneyu,0.993851825734401,0.9635854341736694
IBD,VEGF_PDGF_AXIS,plasma cell,False,12,6,0,0.03432289949223232,0.02806351684014904,,0.1797026502908856,mannwhitneyu,0.44925662572721403,0.44925662572721403
IBD,VEGF_PDGF_AXIS,stromal cell of lamina propria of colon,False,12,6,0,0.28832713150359496,0.16324538425441254,,0.013466925231631115,mannwhitneyu,0.0888671875,0.08416828269769447
IBD,HGF_MET_AXIS,T cell of anorectum,False,12,6,0,0.0005196894988058437,0.00027862491720806194,,0.3947683705715457,mannwhitneyu,0.6948940611206676,0.6168255790180401
IBD,HGF_MET_AXIS,colon epithelial cell,False,12,6,0,0.12059878852945331,0.06384936193408607,,0.009696186166774402,mannwhitneyu,0.0781625770234257,0.08080155138978669
IBD,HGF_MET_AXIS,myeloid cell,False,12,6,0,0.00879123256191232,0.009307829932429625,,0.7786177188876373,mannwhitneyu,0.9827213927708044,0.9635854341736694
IBD,HGF_MET_AXIS,plasma cell,False,12,6,0,0.001941420532802715,0.0015853453839052617,,0.6057226196064835,mannwhitneyu,0.8288835847246617,0.7970034468506363
IBD,HGF_MET_AXIS,stromal cell of lamina propria of colon,False,12,6,0,0.16204671262333611,0.0707741269905968,,0.06679594914889034,mannwhitneyu,0.25764016544117646,0.2783164547870431
IBD,EPH_RECEPTORS,T cell of anorectum,False,12,6,0,0.005468118651371992,0.0065648032025939,,0.8882172187345627,mannwhitneyu,0.993851825734401,0.9635854341736694
IBD,EPH_RECEPTORS,colon epithelial cell,False,12,6,0,0.21407371428392954,0.16645176613060428,,0.33548804137039434,mannwhitneyu,0.6440573661928387,0.6168255790180401
IBD,EPH_RECEPTORS,myeloid cell,False,12,6,0,0.01336617084650734,0.030178264712164532,,0.20515220237474951,mannwhitneyu,0.5026891768379846,0.466255005397158
IBD,EPH_RECEPTORS,plasma cell,False,12,6,0,0.0013486884715478021,0.002882347916247197,,0.34647108115409,mannwhitneyu,0.6440573661928387,0.6168255790180401
IBD,EPH_RECEPTORS,stromal cell of lamina propria of colon,False,12,6,0,0.10337545775215777,0.0627961236173634,,0.08306399482870072,mannwhitneyu,0.2784756652595252,0.29665712438821684
IBD,JAK_STAT,T cell of anorectum,False,12,6,0,0.47435125138186957,0.38289475939449774,,0.15050635638870935,mannwhitneyu,0.39667681049686,0.4180732121908593
IBD,JAK_STAT,colon epithelial cell,False,12,6,0,0.2888026254024179,0.18589527127052075,,0.001292824822236587,mannwhitneyu,0.028011204481792715,0.03232062055591467
IBD,JAK_STAT,myeloid cell,False,12,6,0,0.48936945025707757,0.27662597166345615,,0.003232062055591467,mannwhitneyu,0.03620147705078125,0.04040077569489334
IBD,JAK_STAT,plasma cell,False,12,6,0,0.2505670008990761,0.20974802517219457,,0.49364361129067014,mannwhitneyu,0.7699554267970995,0.6856161267925974
IBD,JAK_STAT,stromal cell of lamina propria of colon,False,12,6,0,0.5548109118636929,0.4520509458753737,,0.1246498599439776,mannwhitneyu,0.36828367710720655,0.38953081232493003
IBD,WNT_CTNNB1,T cell of anorectum,False,12,6,0,0.19419031887881058,0.1833321396354414,,0.8200818789054083,mannwhitneyu,0.993851825734401,0.9635854341736694
IBD,WNT_CTNNB1,colon epithelial cell,False,12,6,0,0.3600605955248554,0.2555258568135502,,0.03199741435035553,mannwhitneyu,0.16638655462184876,0.15998707175177765
IBD,WNT_CTNNB1,myeloid cell,False,12,6,0,0.30557251950939385,0.29196390685418244,,0.9635854341736694,mannwhitneyu,0.993851825734401,0.9635854341736694
IBD,WNT_CTNNB1,plasma cell,False,12,6,0,0.14961306570550867,0.1461108653212826,,0.3845076492135316,mannwhitneyu,0.6948940611206676,0.6168255790180401
IBD,WNT_CTNNB1,stromal cell of lamina propria of colon,False,12,6,0,0.562214297246561,0.6387362552964798,,0.49364361129067014,mannwhitneyu,0.7699554267970995,0.6856161267925974
STAD,VEGF_PDGF_AXIS,BEST4+ enterocyte,False,5,7,0,0.0074575372040271756,0.03945748462821498,,0.14740688856687892,mannwhitneyu,0.39667681049686,0.5085600134575129
STAD,VEGF_PDGF_AXIS,enterocyte,False,19,22,0,0.056900153907684305,0.07511136243744138,,0.20880935037885517,mannwhitneyu,0.5026891768379846,0.6512585266005742
STAD,VEGF_PDGF_AXIS,enteroendocrine cell,False,23,27,0,0.03611567126756561,0.044055987182476004,,0.46962822377113955,mannwhitneyu,0.7631458636281018,0.8356664732887156
STAD,VEGF_PDGF_AXIS,epithelial cell,False,28,34,0,0.03457097898713744,0.04445106473858726,,0.1510837576857439,mannwhitneyu,0.39667681049686,0.5085600134575129
STAD,VEGF_PDGF_AXIS,foveolar cell of stomach,False,28,34,0,0.03797256084030493,0.051639742765084734,,0.06490412436321892,mannwhitneyu,0.25764016544117646,0.3954684003685565
STAD,VEGF_PDGF_AXIS,intestine goblet cell,False,22,21,0,0.053526069461348906,0.04692090965535217,,0.534248116584068,mannwhitneyu,0.7759760109109503,0.8356664732887156
STAD,VEGF_PDGF_AXIS,mucous neck cell of gastric gland,False,27,34,0,0.046847933856332395,0.05352842280870649,,0.31289989641209204,mannwhitneyu,0.6257997928241841,0.7509597513890208
STAD,VEGF_PDGF_AXIS,parietal cell,False,19,31,0,0.04255519222275216,0.0802035457337441,,0.0017952038621431468,mannwhitneyu,0.029172062759826135,0.0538561158642944
STAD,VEGF_PDGF_AXIS,peptic cell,False,19,26,0,0.03289469061761822,0.046455954771054284,,0.21708617553352472,mannwhitneyu,0.5078125,0.6512585266005742
STAD,VEGF_PDGF_AXIS,type EC enteroendocrine cell,False,21,28,0,0.048557508258317235,0.06095058811389766,,0.3403035716334296,mannwhitneyu,0.6440573661928387,0.7706669339059607
STAD,VEGF_PDGF_AXIS,type G enteroendocrine cell,False,13,27,0,0.04710773533353439,0.0480153335330806,,0.6631220058840048,mannwhitneyu,0.8707662703527337,0.9473171512628641
STAD,VEGF_PDGF_AXIS,type X enteroendocrine cell,False,13,27,0,0.06182127860908671,0.06358188259971172,,0.7282666106700683,mannwhitneyu,0.9467465938710887,0.9873730002732902
STAD,HGF_MET_AXIS,BEST4+ enterocyte,False,5,7,0,0.0,0.0723424603864228,,0.06639318527112506,mannwhitneyu,0.25764016544117646,0.3954684003685565
STAD,HGF_MET_AXIS,enterocyte,False,19,22,0,0.08248799156329123,0.08583950300888378,,0.9372540784722116,mannwhitneyu,0.993851825734401,0.9873730002732902
STAD,HGF_MET_AXIS,enteroendocrine cell,False,23,27,0,0.054039265831721646,0.04531022627214151,,0.5941903078315091,mannwhitneyu,0.8217525533840019,0.8912854617472636
STAD,HGF_MET_AXIS,epithelial cell,False,28,34,0,0.08990609215324118,0.08878951484841825,,0.8819307212779461,mannwhitneyu,0.993851825734401,0.9873730002732902
STAD,HGF_MET_AXIS,foveolar cell of stomach,False,28,34,0,0.10349383207128872,0.10399135069134925,,0.9267439056002764,mannwhitneyu,0.993851825734401,0.9873730002732902
STAD,HGF_MET_AXIS,intestine goblet cell,False,22,21,0,0.05035400984862608,0.06035911822772132,,0.5430135663542873,mannwhitneyu,0.7759760109109503,0.8356664732887156
STAD,HGF_MET_AXIS,mucous neck cell of gastric gland,False,27,34,0,0.048213917638512176,0.044093611855662095,,0.30942495024942895,mannwhitneyu,0.6257997928241841,0.7509597513890208
STAD,HGF_MET_AXIS,parietal cell,False,19,31,0,0.013629577306068294,0.04808335210134239,,0.0001850854281861506,mannwhitneyu,0.008020368554733193,0.011105125691169037
STAD,HGF_MET_AXIS,peptic cell,False,19,26,0,0.03002781905050607,0.012288574095167546,,0.08181536813286724,mannwhitneyu,0.2784756652595252,0.3954684003685565
STAD,HGF_MET_AXIS,type EC enteroendocrine cell,False,21,28,0,0.0799426634998431,0.06528554886765245,,0.966942298007959,mannwhitneyu,0.993851825734401,0.9873730002732902
STAD,HGF_MET_AXIS,type G enteroendocrine cell,False,13,27,0,0.022186381069374532,0.04047881955856701,,0.4042001249572862,mannwhitneyu,0.6948940611206676,0.7817558187607511
STAD,HGF_MET_AXIS,type X enteroendocrine cell,False,13,27,0,0.01042186454325222,0.035301568324064427,,0.2616067554747372,mannwhitneyu,0.5863599691675144,0.7310179130255602
STAD,EPH_RECEPTORS,BEST4+ enterocyte,False,5,7,0,0.0,0.07496107055188773,,0.06639318527112506,mannwhitneyu,0.25764016544117646,0.3954684003685565
STAD,EPH_RECEPTORS,enterocyte,False,19,22,0,0.08713929210738795,0.08262842503357287,,0.8852454951703917,mannwhitneyu,0.993851825734401,0.9873730002732902
STAD,EPH_RECEPTORS,enteroendocrine cell,False,23,27,0,0.05456892464937386,0.03721787330467538,,0.34680012025768236,mannwhitneyu,0.6440573661928387,0.7706669339059607
STAD,EPH_RECEPTORS,epithelial cell,False,28,34,0,0.12321282648347824,0.09262132718766633,,0.0029059531890739928,mannwhitneyu,0.03620147705078125,0.05811906378147985
STAD,EPH_RECEPTORS,foveolar cell of stomach,False,28,34,0,0.1075274800877617,0.07899624569921032,,0.08568482007985391,mannwhitneyu,0.2784756652595252,0.3954684003685565
STAD,EPH_RECEPTORS,intestine goblet cell,False,22,21,0,0.0843705706893665,0.10447689083714307,,0.931489476608178,mannwhitneyu,0.993851825734401,0.9873730002732902
STAD,EPH_RECEPTORS,mucous neck cell of gastric gland,False,27,34,0,0.08842081900261528,0.06067693244507052,,0.014418741271956066,mannwhitneyu,0.0892588745406804,0.1730248952634728
STAD,EPH_RECEPTORS,parietal cell,False,19,31,0,0.030724869407921688,0.04306880467216944,,0.010822510664782022,mannwhitneyu,0.0781625770234257,0.16233765997173033
STAD,EPH_RECEPTORS,peptic cell,False,19,26,0,0.018384119532675963,0.007017912856254384,,0.9415266557768986,mannwhitneyu,0.993851825734401,0.9873730002732902
STAD,EPH_RECEPTORS,type EC enteroendocrine cell,False,21,28,0,0.022752141042409288,0.0188515097157549,,0.12941074247114942,mannwhitneyu,0.373853256027765,0.5085600134575129
STAD,EPH_RECEPTORS,type G enteroendocrine cell,False,13,27,0,0.036480287547572786,0.03655889567871395,,0.7518311340809407,mannwhitneyu,0.9677034399061613,0.9873730002732902
STAD,EPH_RECEPTORS,type X enteroendocrine cell,False,13,27,0,0.0010782473967971581,0.011046599415709917,,0.05177064745496737,mannwhitneyu,0.24036372032663422,0.3954684003685565
STAD,JAK_STAT,BEST4+ enterocyte,False,5,7,0,0.09037332236766815,0.12472044915218891,,0.6236797393048898,mannwhitneyu,0.8376288659793815,0.912702057519351
STAD,JAK_STAT,enterocyte,False,19,22,0,0.10701587436249194,0.10011643931424487,,0.5131803633525807,mannwhitneyu,0.7699554267970995,0.8356664732887156
STAD,JAK_STAT,enteroendocrine cell,False,23,27,0,0.11134558460806214,0.12031965531195753,,0.5332600457644527,mannwhitneyu,0.7759760109109503,0.8356664732887156
STAD,JAK_STAT,epithelial cell,False,28,34,0,0.10842105504507547,0.1100058905352169,,0.8707805551864919,mannwhitneyu,0.993851825734401,0.9873730002732902
STAD,JAK_STAT,foveolar cell of stomach,False,28,34,0,0.10423676580021854,0.101835833761204,,0.407964800362024,mannwhitneyu,0.6948940611206676,0.7817558187607511
STAD,JAK_STAT,intestine goblet cell,False,22,21,0,0.08108216045098567,0.10417877178646139,,0.8744201755831046,mannwhitneyu,0.993851825734401,0.9873730002732902
STAD,JAK_STAT,mucous neck cell of gastric gland,False,27,34,0,0.09961732195207992,0.09164567375545363,,0.27936052220476104,mannwhitneyu,0.607150988874007,0.7310179130255602
STAD,JAK_STAT,parietal cell,False,19,31,0,0.11905592190809015,0.09785712506962063,,0.28022353332646477,mannwhitneyu,0.607150988874007,0.7310179130255602
STAD,JAK_STAT,peptic cell,False,19,26,0,0.045102377503519184,0.061043212394200706,,0.4137595460780089,mannwhitneyu,0.6948940611206676,0.7817558187607511
STAD,JAK_STAT,type EC enteroendocrine cell,False,21,28,0,0.15594062961168262,0.13945236913452091,,0.4131818723415027,mannwhitneyu,0.6948940611206676,0.7817558187607511
STAD,JAK_STAT,type G enteroendocrine cell,False,13,27,0,0.10214317206788313,0.10202511694644552,,1.0,mannwhitneyu,1.0,1.0
STAD,JAK_STAT,type X enteroendocrine cell,False,13,27,0,0.15090399842871383,0.12950002072284852,,0.1026183592137615,mannwhitneyu,0.3161834007085756,0.43979296805897783
STAD,WNT_CTNNB1,BEST4+ enterocyte,False,5,7,0,0.2270316392183304,0.12402789362452246,,0.5129899106370105,mannwhitneyu,0.7699554267970995,0.8356664732887156
STAD,WNT_CTNNB1,enterocyte,False,19,22,0,0.1632273869006256,0.15826359423864822,,0.9478412865907828,mannwhitneyu,0.993851825734401,0.9873730002732902
STAD,WNT_CTNNB1,enteroendocrine cell,False,23,27,0,0.14342040794469837,0.1125337607261754,,0.07565673733788078,mannwhitneyu,0.2784756652595252,0.3954684003685565
STAD,WNT_CTNNB1,epithelial cell,False,28,34,0,0.32725220566016605,0.29122647283195546,,0.8374924408740465,mannwhitneyu,0.993851825734401,0.9873730002732902
STAD,WNT_CTNNB1,foveolar cell of stomach,False,28,34,0,0.27706883355312256,0.31945541220116264,,0.08313865519081831,mannwhitneyu,0.2784756652595252,0.3954684003685565
STAD,WNT_CTNNB1,intestine goblet cell,False,22,21,0,0.24108455389616543,0.2570521828736621,,0.9709167836020687,mannwhitneyu,0.993851825734401,0.9873730002732902
STAD,WNT_CTNNB1,mucous neck cell of gastric gland,False,27,34,0,0.21528111255893484,0.2180380796407258,,0.7770661110949808,mannwhitneyu,0.9827213927708044,0.9873730002732902
STAD,WNT_CTNNB1,parietal cell,False,19,31,0,0.17557217121050123,0.1564719593742195,,0.9361929072916735,mannwhitneyu,0.993851825734401,0.9873730002732902
STAD,WNT_CTNNB1,peptic cell,False,19,26,0,0.09492082178023362,0.09820460350643204,,0.15256800403725385,mannwhitneyu,0.39667681049686,0.5085600134575129
STAD,WNT_CTNNB1,type EC enteroendocrine cell,False,21,28,0,0.13031485724476952,0.09666848197245549,,0.9513144106850633,mannwhitneyu,0.993851825734401,0.9873730002732902
STAD,WNT_CTNNB1,type G enteroendocrine cell,False,13,27,0,0.17196834953827458,0.1355177940108532,,0.41693643667240055,mannwhitneyu,0.6948940611206676,0.7817558187607511
STAD,WNT_CTNNB1,type X enteroendocrine cell,False,13,27,0,0.13892089872282448,0.12471547670385671,,0.5431832076376651,mannwhitneyu,0.7759760109109503,0.8356664732887156
