context,module,cell_type,comparison_type,n_pairs,n_case_patients,n_control_patients,paired_median_diff,case_patient_mean,control_patient_mean,p_paired,p_unpaired,test_used,p_used,fdr,fdr_unpaired
CRC,VEGF_PDGF_AXIS,BEST4+ colonocyte,same-cell-type,8,9,16,0.0485135939904526,0.17615301555383228,0.18607311182308214,0.84375,0.7340459697886714,wilcoxon-signed-rank,0.84375,0.94921875,0.7340459697886714
CRC,VEGF_PDGF_AXIS,colon goblet cell,same-cell-type,10,14,17,-0.02667897666226518,0.15503055198723897,0.15869676760119406,0.232421875,0.6479099936289315,wilcoxon-signed-rank,0.232421875,0.298828125,0.7340459697886714
CRC,VEGF_PDGF_AXIS,colonocyte,same-cell-type,13,14,20,0.06265852017247159,0.16553353292994805,0.08711762936594339,0.001708984375,0.0017371001997698965,wilcoxon-signed-rank,0.001708984375,0.0076904296875,0.00521130059930969
CRC,VEGF_PDGF_AXIS,early colonocyte,same-cell-type,14,18,20,0.07305532871693678,0.13789180075649404,0.07937357516512003,0.0001220703125,9.460828049987796e-06,wilcoxon-signed-rank,0.0001220703125,0.0010986328125,8.514745244989017e-05
CRC,VEGF_PDGF_AXIS,enteroendocrine cell of colon,same-cell-type,6,9,15,0.01468202478385397,0.20457118418481615,0.17060554035006373,1.0,0.7205147871362552,wilcoxon-signed-rank,1.0,1.0,0.7340459697886714
CRC,VEGF_PDGF_AXIS,intestinal crypt stem cell of colon,same-cell-type,16,21,20,0.08117700903596711,0.1619247317469802,0.08791888287255119,0.009185791015625,0.005676598505926315,wilcoxon-signed-rank,0.009185791015625,0.018896484375,0.012772346638334209
CRC,VEGF_PDGF_AXIS,malignant cell,same-cell-type,19,28,20,0.08619671127065415,0.1763520680396234,0.10505216877675108,0.0033416748046875,0.00036313460296125475,wilcoxon-signed-rank,0.0033416748046875,0.0100250244140625,0.0016341057133256464
CRC,VEGF_PDGF_AXIS,secretory cell,same-cell-type,13,19,18,0.02900991088362656,0.11649689767116432,0.0918446039447118,0.010498046875,0.0706037071988081,wilcoxon-signed-rank,0.010498046875,0.018896484375,0.12708667295785459
CRC,VEGF_PDGF_AXIS,tuft cell of colon,same-cell-type,11,16,18,0.09474703669548035,0.19951293967520545,0.15251459602932055,0.0673828125,0.17838939773597395,wilcoxon-signed-rank,0.0673828125,0.10107421875,0.26758409660396093
CRC,VEGF_PDGF_AXIS,malignant cell vs BEST4+ colonocyte,cell-identity,0,28,16,nan,0.1763520680396234,0.18607311182308214,nan,0.2776166836902608,mann-whitney (cell-identity contrast; unpaired),0.2776166836902608,0.2776166836902608,0.2776166836902608
CRC,VEGF_PDGF_AXIS,malignant cell vs colonocyte,cell-identity,0,28,20,nan,0.1763520680396234,0.08711762936594339,nan,9.395335375356418e-07,mann-whitney (cell-identity contrast; unpaired),9.395335375356418e-07,1.4093003063034627e-06,1.4093003063034627e-06
CRC,VEGF_PDGF_AXIS,malignant cell vs early colonocyte,cell-identity,0,28,20,nan,0.1763520680396234,0.07937357516512003,nan,7.249412946708817e-08,mann-whitney (cell-identity contrast; unpaired),7.249412946708817e-08,2.1748238840126451e-07,2.1748238840126451e-07
CRC,HGF_MET_AXIS,BEST4+ colonocyte,same-cell-type,8,9,16,-0.057118068271656094,0.028959817218600734,0.15071442283152853,0.1484375,0.005506131817064862,wilcoxon-signed-rank,0.1484375,0.333984375,0.032175899755197884
CRC,HGF_MET_AXIS,colon goblet cell,same-cell-type,10,14,17,-0.056767459350771377,0.14714460995119014,0.18937631368106247,0.064453125,0.10756419843738829,wilcoxon-signed-rank,0.064453125,0.193359375,0.19361555718729892
CRC,HGF_MET_AXIS,colonocyte,same-cell-type,13,14,20,0.00881533973294693,0.17499311554263025,0.09444233108607608,0.635498046875,0.13666451136629384,wilcoxon-signed-rank,0.635498046875,0.8043757365241004,0.20499676704944078
CRC,HGF_MET_AXIS,early colonocyte,same-cell-type,14,18,20,0.03737534154298728,0.1307128699360733,0.10548694317733384,0.0166015625,0.09275750121614598,wilcoxon-signed-rank,0.0166015625,0.07470703125,0.19361555718729892
CRC,HGF_MET_AXIS,enteroendocrine cell of colon,same-cell-type,6,9,15,-0.016039115935564043,0.032653309404850006,0.02423678734612585,0.7150006546880893,0.5372343755228568,wilcoxon-signed-rank,0.7150006546880893,0.8043757365241004,0.6907299113865302
CRC,HGF_MET_AXIS,intestinal crypt stem cell of colon,same-cell-type,16,21,20,-0.021150842575686092,0.08456551289915731,0.07766118010212775,0.979949951171875,0.645694681742057,wilcoxon-signed-rank,0.979949951171875,0.979949951171875,0.7264065169598142
CRC,HGF_MET_AXIS,malignant cell,same-cell-type,19,28,20,0.0884068901184128,0.2082022447721879,0.12901070017419347,0.002399444580078125,0.00715019994559953,wilcoxon-signed-rank,0.002399444580078125,0.021595001220703125,0.032175899755197884
CRC,HGF_MET_AXIS,secretory cell,same-cell-type,13,19,18,-0.029393238718338432,0.0867050729003148,0.140433265639092,0.497314453125,0.013244879938300784,wilcoxon-signed-rank,0.497314453125,0.7459716796875,0.03973463981490235
CRC,HGF_MET_AXIS,tuft cell of colon,same-cell-type,11,16,18,0.0,0.12273893626704035,0.05053041459929979,0.23672357063785732,0.9852883553273805,wilcoxon-signed-rank,0.23672357063785732,0.42610242714814317,0.9852883553273803
CRC,HGF_MET_AXIS,malignant cell vs BEST4+ colonocyte,cell-identity,0,28,16,nan,0.2082022447721879,0.15071442283152853,nan,0.014208482470532934,mann-whitney (cell-identity contrast; unpaired),0.014208482470532934,0.014208482470532934,0.014208482470532934
CRC,HGF_MET_AXIS,malignant cell vs colonocyte,cell-identity,0,28,20,nan,0.2082022447721879,0.09444233108607608,nan,0.00022329188894647858,mann-whitney (cell-identity contrast; unpaired),0.00022329188894647858,0.0005897950013354034,0.0005897950013354034
CRC,HGF_MET_AXIS,malignant cell vs early colonocyte,cell-identity,0,28,20,nan,0.2082022447721879,0.10548694317733384,nan,0.0003931966675569356,mann-whitney (cell-identity contrast; unpaired),0.0003931966675569356,0.0005897950013354034,0.0005897950013354034
CRC,EPH_RECEPTORS,BEST4+ colonocyte,same-cell-type,8,9,16,-0.07298448733536894,0.07169444330986435,0.15433295824201365,0.0234375,0.04991009266188439,wilcoxon-signed-rank,0.0234375,0.052734375,0.08641042753627877
CRC,EPH_RECEPTORS,colon goblet cell,same-cell-type,10,14,17,-0.030659447211156304,0.031910155765151396,0.07687070032934538,0.013671875,0.017536963354888278,wilcoxon-signed-rank,0.013671875,0.052734375,0.05261089006466483
CRC,EPH_RECEPTORS,colonocyte,same-cell-type,13,14,20,-0.012117687045879982,0.08894996979279042,0.0778622114591515,0.5302845968336095,0.8198009969392596,wilcoxon-signed-rank,0.5302845968336095,0.5965701714378107,0.8198009969392596
CRC,EPH_RECEPTORS,early colonocyte,same-cell-type,14,18,20,0.01275698966017199,0.19899654281950038,0.18905417242029252,0.5015869140625,0.6930819368648844,wilcoxon-signed-rank,0.5015869140625,0.5965701714378107,0.779717178972995
CRC,EPH_RECEPTORS,enteroendocrine cell of colon,same-cell-type,6,9,15,-0.042815698818726974,0.06944487823380364,0.08936231501504185,0.5001842570707944,0.05760695169085251,wilcoxon-signed-rank,0.5001842570707944,0.5965701714378107,0.08641042753627877
CRC,EPH_RECEPTORS,intestinal crypt stem cell of colon,same-cell-type,16,21,20,-0.07594149487004392,0.13429950481127134,0.24217053644946884,0.01824951171875,0.002798950351588139,wilcoxon-signed-rank,0.01824951171875,0.052734375,0.012595276582146625
CRC,EPH_RECEPTORS,malignant cell,same-cell-type,19,28,20,0.14827654798483025,0.2714748563251171,0.11733841210294593,3.814697265625e-06,1.888388589417916e-05,wilcoxon-signed-rank,3.814697265625e-06,3.4332275390625e-05,0.00016995497304761245
CRC,EPH_RECEPTORS,secretory cell,same-cell-type,13,19,18,-0.03299639340612412,0.16341409809562132,0.18778113553634285,0.0478515625,0.03734308075252805,wilcoxon-signed-rank,0.0478515625,0.0861328125,0.08402193169318811
CRC,EPH_RECEPTORS,tuft cell of colon,same-cell-type,11,16,18,-0.10899485565803863,0.07142628796613548,0.1120686326299875,0.7988593499960496,0.09034643542022562,wilcoxon-signed-rank,0.7988593499960496,0.7988593499960496,0.11615970268314722
CRC,EPH_RECEPTORS,malignant cell vs BEST4+ colonocyte,cell-identity,0,28,16,nan,0.2714748563251171,0.15433295824201365,nan,0.000867652370143851,mann-whitney (cell-identity contrast; unpaired),0.000867652370143851,0.0013014785552157766,0.0013014785552157766
CRC,EPH_RECEPTORS,malignant cell vs colonocyte,cell-identity,0,28,20,nan,0.2714748563251171,0.0778622114591515,nan,5.10077001841921e-08,mann-whitney (cell-identity contrast; unpaired),5.10077001841921e-08,1.530231005525763e-07,1.530231005525763e-07
CRC,EPH_RECEPTORS,malignant cell vs early colonocyte,cell-identity,0,28,20,nan,0.2714748563251171,0.18905417242029252,nan,0.009226058407522594,mann-whitney (cell-identity contrast; unpaired),0.009226058407522594,0.009226058407522594,0.009226058407522594
CRC,JAK_STAT,BEST4+ colonocyte,same-cell-type,8,9,16,-0.056182866420892874,0.27809979708748067,0.32528951830499886,0.84375,0.5522142220341504,wilcoxon-signed-rank,0.84375,0.84375,0.792130514481817
CRC,JAK_STAT,colon goblet cell,same-cell-type,10,14,17,-0.06881715345185352,0.2369874255500326,0.2895834352673626,0.083984375,0.09160260294615868,wilcoxon-signed-rank,0.083984375,0.23531341552734375,0.4122117132577141
CRC,JAK_STAT,colonocyte,same-cell-type,13,14,20,0.06330085933484414,0.31116182687472016,0.2460476199357459,0.039794921875,0.16690659538227026,wilcoxon-signed-rank,0.039794921875,0.1790771484375,0.5007197861468108
CRC,JAK_STAT,early colonocyte,same-cell-type,14,18,20,0.06362248562121024,0.2576160923978865,0.21388323076712695,0.0067138671875,0.00888216829140033,wilcoxon-signed-rank,0.0067138671875,0.0604248046875,0.07993951462260297
CRC,JAK_STAT,enteroendocrine cell of colon,same-cell-type,6,9,15,-0.02841057814657688,0.34867605042678335,0.39015074270173516,0.15625,0.5915050369949164,wilcoxon-signed-rank,0.15625,0.28125,0.792130514481817
CRC,JAK_STAT,intestinal crypt stem cell of colon,same-cell-type,16,21,20,0.06852884829095027,0.25179117936354584,0.22686873879458364,0.104583740234375,0.3822555647903495,wilcoxon-signed-rank,0.104583740234375,0.23531341552734375,0.792130514481817
CRC,JAK_STAT,malignant cell,same-cell-type,19,28,20,0.004576053666411839,0.24169597672630186,0.23685299669725043,0.5152778625488281,0.7143930376343264,wilcoxon-signed-rank,0.5152778625488281,0.661376953125,0.8036921673386171
CRC,JAK_STAT,secretory cell,same-cell-type,13,19,18,-0.005528671793214313,0.2602069555786437,0.24614592528545604,0.587890625,0.6161015112636354,wilcoxon-signed-rank,0.587890625,0.661376953125,0.792130514481817
CRC,JAK_STAT,tuft cell of colon,same-cell-type,11,16,18,0.14490145580335095,0.3787186397238294,0.32681624970667755,0.46484375,0.9449802043751696,wilcoxon-signed-rank,0.46484375,0.661376953125,0.9449802043751697
CRC,JAK_STAT,malignant cell vs BEST4+ colonocyte,cell-identity,0,28,16,nan,0.24169597672630186,0.32528951830499886,nan,0.0004227815109413188,mann-whitney (cell-identity contrast; unpaired),0.0004227815109413188,0.0012683445328239564,0.0012683445328239564
CRC,JAK_STAT,malignant cell vs colonocyte,cell-identity,0,28,20,nan,0.24169597672630186,0.2460476199357459,nan,0.45785645107132533,mann-whitney (cell-identity contrast; unpaired),0.45785645107132533,0.4578564510713254,0.4578564510713254
CRC,JAK_STAT,malignant cell vs early colonocyte,cell-identity,0,28,20,nan,0.24169597672630186,0.21388323076712695,nan,0.22918988375501026,mann-whitney (cell-identity contrast; unpaired),0.22918988375501026,0.3437848256325154,0.3437848256325154
CRC,SRC_FAK,BEST4+ colonocyte,same-cell-type,8,9,16,-0.007106062707320809,0.24591502397263273,0.2962515925021598,0.546875,0.3802071371873732,wilcoxon-signed-rank,0.546875,1.0,0.7681071416794246
CRC,SRC_FAK,colon goblet cell,same-cell-type,10,14,17,-0.004442297259951447,0.21335001901530504,0.20135037472028888,1.0,0.512071427786283,wilcoxon-signed-rank,1.0,1.0,0.7681071416794246
CRC,SRC_FAK,colonocyte,same-cell-type,13,14,20,-0.019603140166272293,0.23556714139279863,0.18279314131156288,0.946044921875,0.833689288638581,wilcoxon-signed-rank,0.946044921875,1.0,0.833689288638581
CRC,SRC_FAK,early colonocyte,same-cell-type,14,18,20,-0.014390638676449838,0.1907325063612039,0.21470422419946833,0.5830078125,0.24817518026555707,wilcoxon-signed-rank,0.5830078125,1.0,0.7445255407966712
CRC,SRC_FAK,enteroendocrine cell of colon,same-cell-type,6,9,15,0.04843056366428153,0.22241034634687284,0.27702436759100324,1.0,0.6332684348337247,wilcoxon-signed-rank,1.0,1.0,0.7794046220027936
CRC,SRC_FAK,intestinal crypt stem cell of colon,same-cell-type,16,21,20,0.09742096950521345,0.2737871640337887,0.21061696756768775,0.0506591796875,0.0217148891191954,wilcoxon-signed-rank,0.0506591796875,0.4559326171875,0.1954340020727586
CRC,SRC_FAK,malignant cell,same-cell-type,19,28,20,0.02954724045964205,0.23620204289122512,0.19890454937209248,0.21011734008789062,0.19840925222243067,wilcoxon-signed-rank,0.21011734008789062,0.9455280303955078,0.7445255407966712
CRC,SRC_FAK,secretory cell,same-cell-type,13,19,18,0.0011921730717085466,0.2174228791002035,0.21624078949444325,0.83935546875,0.6928041084469276,wilcoxon-signed-rank,0.83935546875,1.0,0.7794046220027936
CRC,SRC_FAK,tuft cell of colon,same-cell-type,11,16,18,0.048360012433221244,0.3180860435680435,0.2186620116853584,0.46484375,0.4781904212629382,wilcoxon-signed-rank,0.46484375,1.0,0.7681071416794246
CRC,SRC_FAK,malignant cell vs BEST4+ colonocyte,cell-identity,0,28,16,nan,0.23620204289122512,0.2962515925021598,nan,0.021135011133147256,mann-whitney (cell-identity contrast; unpaired),0.021135011133147256,0.06340503339944177,0.06340503339944177
CRC,SRC_FAK,malignant cell vs colonocyte,cell-identity,0,28,20,nan,0.23620204289122512,0.18279314131156288,nan,0.10508388345296737,mann-whitney (cell-identity contrast; unpaired),0.10508388345296737,0.15762582517945106,0.15762582517945106
CRC,SRC_FAK,malignant cell vs early colonocyte,cell-identity,0,28,20,nan,0.23620204289122512,0.21470422419946833,nan,0.5100675275575344,mann-whitney (cell-identity contrast; unpaired),0.5100675275575344,0.5100675275575344,0.5100675275575344
CRC,WNT_CTNNB1,BEST4+ colonocyte,same-cell-type,8,9,16,-0.0031266468076261156,0.4183040639869391,0.48475988332343867,0.9453125,0.3357379476605432,wilcoxon-signed-rank,0.9453125,0.9453125,0.4385301573907639
CRC,WNT_CTNNB1,colon goblet cell,same-cell-type,10,14,17,-0.11495627868583111,0.2529640335459024,0.32838563511650876,0.009765625,0.032056658619260006,wilcoxon-signed-rank,0.009765625,0.029296875,0.09616997585778002
CRC,WNT_CTNNB1,colonocyte,same-cell-type,13,14,20,0.03770118208119161,0.2971178124548887,0.2289880817414629,0.305419921875,0.24815280904783976,wilcoxon-signed-rank,0.305419921875,0.39268275669642855,0.4385301573907639
CRC,WNT_CTNNB1,early colonocyte,same-cell-type,14,18,20,-0.1206991793896105,0.3913222636673832,0.5177857900836617,0.0008544921875,0.0003055418952407917,wilcoxon-signed-rank,0.0008544921875,0.00384521484375,0.002749877057167125
CRC,WNT_CTNNB1,enteroendocrine cell of colon,same-cell-type,6,9,15,-0.036212452110790064,0.25849634408950806,0.26686317044768226,0.21875,0.9050512363887488,wilcoxon-signed-rank,0.21875,0.39268275669642855,0.9050512363887488
CRC,WNT_CTNNB1,intestinal crypt stem cell of colon,same-cell-type,16,21,20,0.15303104027953682,0.47711951453293416,0.39800606576691366,0.09344482421875,0.3410790113039275,wilcoxon-signed-rank,0.09344482421875,0.2102508544921875,0.4385301573907639
CRC,WNT_CTNNB1,malignant cell,same-cell-type,19,28,20,0.2378623908590478,0.698496942166918,0.43481017427343815,0.000335693359375,0.0017677719551072036,wilcoxon-signed-rank,0.000335693359375,0.003021240234375,0.007954973797982417
CRC,WNT_CTNNB1,secretory cell,same-cell-type,13,19,18,-0.02554154355950483,0.34420604918691544,0.3991098803159891,0.305419921875,0.1489146731787657,wilcoxon-signed-rank,0.305419921875,0.39268275669642855,0.3350580146522228
CRC,WNT_CTNNB1,tuft cell of colon,same-cell-type,11,16,18,-0.10110109780843443,0.2671203832162958,0.2980631417545578,0.4130859375,0.592221342041138,wilcoxon-signed-rank,0.4130859375,0.4647216796875,0.6662490097962802
CRC,WNT_CTNNB1,malignant cell vs BEST4+ colonocyte,cell-identity,0,28,16,nan,0.698496942166918,0.48475988332343867,nan,0.003838910992924945,mann-whitney (cell-identity contrast; unpaired),0.003838910992924945,0.003838910992924945,0.003838910992924945
CRC,WNT_CTNNB1,malignant cell vs colonocyte,cell-identity,0,28,20,nan,0.698496942166918,0.2289880817414629,nan,6.452360010171335e-08,mann-whitney (cell-identity contrast; unpaired),6.452360010171335e-08,1.9357080030514007e-07,1.9357080030514007e-07
CRC,WNT_CTNNB1,malignant cell vs early colonocyte,cell-identity,0,28,20,nan,0.698496942166918,0.5177857900836617,nan,0.002512724684929381,mann-whitney (cell-identity contrast; unpaired),0.002512724684929381,0.0037690870273940713,0.0037690870273940713
IBD,VEGF_PDGF_AXIS,T cell of anorectum,same-cell-type,0,12,6,nan,0.016991134419332754,0.01401481873063045,nan,0.33548804137039434,mann-whitney (unpaired; reported as such),0.33548804137039434,0.559146735617324,0.559146735617324
IBD,VEGF_PDGF_AXIS,colon epithelial cell,same-cell-type,0,12,6,nan,0.1316665396561579,0.13196725794226288,nan,0.8916181857358327,mann-whitney (unpaired; reported as such),0.8916181857358327,0.9635854341736694,0.9635854341736694
IBD,VEGF_PDGF_AXIS,myeloid cell,same-cell-type,0,12,6,nan,0.17275016298132473,0.15894769807733752,nan,0.9635854341736694,mann-whitney (unpaired; reported as such),0.9635854341736694,0.9635854341736694,0.9635854341736694
IBD,VEGF_PDGF_AXIS,plasma cell,same-cell-type,0,12,6,nan,0.03432289949223232,0.02806351684014904,nan,0.1797026502908856,mann-whitney (unpaired; reported as such),0.1797026502908856,0.44925662572721403,0.44925662572721403
IBD,VEGF_PDGF_AXIS,stromal cell of lamina propria of colon,same-cell-type,0,12,6,nan,0.28832713150359496,0.16324538425441254,nan,0.013466925231631115,mann-whitney (unpaired; reported as such),0.013466925231631115,0.06733462615815558,0.06733462615815558
IBD,HGF_MET_AXIS,T cell of anorectum,same-cell-type,0,12,6,nan,0.0005196894988058437,0.00027862491720806194,nan,0.3947683705715457,mann-whitney (unpaired; reported as such),0.3947683705715457,0.6579472842859094,0.6579472842859094
IBD,HGF_MET_AXIS,colon epithelial cell,same-cell-type,0,12,6,nan,0.12059878852945331,0.06384936193408607,nan,0.009696186166774402,mann-whitney (unpaired; reported as such),0.009696186166774402,0.04848093083387201,0.04848093083387201
IBD,HGF_MET_AXIS,myeloid cell,same-cell-type,0,12,6,nan,0.00879123256191232,0.009307829932429625,nan,0.7786177188876373,mann-whitney (unpaired; reported as such),0.7786177188876373,0.7786177188876373,0.7786177188876373
IBD,HGF_MET_AXIS,plasma cell,same-cell-type,0,12,6,nan,0.001941420532802715,0.0015853453839052617,nan,0.6057226196064835,mann-whitney (unpaired; reported as such),0.6057226196064835,0.7571532745081044,0.7571532745081044
IBD,HGF_MET_AXIS,stromal cell of lamina propria of colon,same-cell-type,0,12,6,nan,0.16204671262333611,0.0707741269905968,nan,0.06679594914889034,mann-whitney (unpaired; reported as such),0.06679594914889034,0.16698987287222583,0.16698987287222583
IBD,EPH_RECEPTORS,T cell of anorectum,same-cell-type,0,12,6,nan,0.005468118651371992,0.0065648032025939,nan,0.8882172187345627,mann-whitney (unpaired; reported as such),0.8882172187345627,0.8882172187345627,0.8882172187345627
IBD,EPH_RECEPTORS,colon epithelial cell,same-cell-type,0,12,6,nan,0.21407371428392954,0.16645176613060428,nan,0.33548804137039434,mann-whitney (unpaired; reported as such),0.33548804137039434,0.43308885144261244,0.43308885144261244
IBD,EPH_RECEPTORS,myeloid cell,same-cell-type,0,12,6,nan,0.01336617084650734,0.030178264712164532,nan,0.20515220237474951,mann-whitney (unpaired; reported as such),0.20515220237474951,0.43308885144261244,0.43308885144261244
IBD,EPH_RECEPTORS,plasma cell,same-cell-type,0,12,6,nan,0.0013486884715478021,0.002882347916247197,nan,0.34647108115409,mann-whitney (unpaired; reported as such),0.34647108115409,0.43308885144261244,0.43308885144261244
IBD,EPH_RECEPTORS,stromal cell of lamina propria of colon,same-cell-type,0,12,6,nan,0.10337545775215777,0.0627961236173634,nan,0.08306399482870072,mann-whitney (unpaired; reported as such),0.08306399482870072,0.41531997414350363,0.41531997414350363
IBD,JAK_STAT,T cell of anorectum,same-cell-type,0,12,6,nan,0.47435125138186957,0.38289475939449774,nan,0.15050635638870935,mann-whitney (unpaired; reported as such),0.15050635638870935,0.1881329454858867,0.1881329454858867
IBD,JAK_STAT,colon epithelial cell,same-cell-type,0,12,6,nan,0.2888026254024179,0.18589527127052075,nan,0.001292824822236587,mann-whitney (unpaired; reported as such),0.001292824822236587,0.006464124111182934,0.006464124111182934
IBD,JAK_STAT,myeloid cell,same-cell-type,0,12,6,nan,0.48936945025707757,0.27662597166345615,nan,0.003232062055591467,mann-whitney (unpaired; reported as such),0.003232062055591467,0.008080155138978667,0.008080155138978667
IBD,JAK_STAT,plasma cell,same-cell-type,0,12,6,nan,0.2505670008990761,0.20974802517219457,nan,0.49364361129067014,mann-whitney (unpaired; reported as such),0.49364361129067014,0.49364361129067014,0.49364361129067014
IBD,JAK_STAT,stromal cell of lamina propria of colon,same-cell-type,0,12,6,nan,0.5548109118636929,0.4520509458753737,nan,0.1246498599439776,mann-whitney (unpaired; reported as such),0.1246498599439776,0.1881329454858867,0.1881329454858867
IBD,SRC_FAK,T cell of anorectum,same-cell-type,0,12,6,nan,0.2469296667408217,0.27948370885004153,nan,0.21288515406162467,mann-whitney (unpaired; reported as such),0.21288515406162467,0.31202865761689297,0.31202865761689297
IBD,SRC_FAK,colon epithelial cell,same-cell-type,0,12,6,nan,0.13087253373408192,0.09186730993998905,nan,0.6164619694031459,mann-whitney (unpaired; reported as such),0.6164619694031459,0.6164619694031459,0.6164619694031459
IBD,SRC_FAK,myeloid cell,same-cell-type,0,12,6,nan,0.12358373904665594,0.06454467392259917,nan,0.1246498599439776,mann-whitney (unpaired; reported as such),0.1246498599439776,0.31202865761689297,0.31202865761689297
IBD,SRC_FAK,plasma cell,same-cell-type,0,12,6,nan,0.07457508909736549,0.1018874579310604,nan,0.15050635638870935,mann-whitney (unpaired; reported as such),0.15050635638870935,0.31202865761689297,0.31202865761689297
IBD,SRC_FAK,stromal cell of lamina propria of colon,same-cell-type,0,12,6,nan,0.25649703151923436,0.16034847286011794,nan,0.24962292609351436,mann-whitney (unpaired; reported as such),0.24962292609351436,0.31202865761689297,0.31202865761689297
IBD,WNT_CTNNB1,T cell of anorectum,same-cell-type,0,12,6,nan,0.19419031887881058,0.1833321396354414,nan,0.8200818789054083,mann-whitney (unpaired; reported as such),0.8200818789054083,0.9635854341736694,0.9635854341736694
IBD,WNT_CTNNB1,colon epithelial cell,same-cell-type,0,12,6,nan,0.3600605955248554,0.2555258568135502,nan,0.03199741435035553,mann-whitney (unpaired; reported as such),0.03199741435035553,0.15998707175177765,0.15998707175177765
IBD,WNT_CTNNB1,myeloid cell,same-cell-type,0,12,6,nan,0.30557251950939385,0.29196390685418244,nan,0.9635854341736694,mann-whitney (unpaired; reported as such),0.9635854341736694,0.9635854341736694,0.9635854341736694
IBD,WNT_CTNNB1,plasma cell,same-cell-type,0,12,6,nan,0.14961306570550867,0.1461108653212826,nan,0.3845076492135316,mann-whitney (unpaired; reported as such),0.3845076492135316,0.8227393521511169,0.8227393521511169
IBD,WNT_CTNNB1,stromal cell of lamina propria of colon,same-cell-type,0,12,6,nan,0.562214297246561,0.6387362552964798,nan,0.49364361129067014,mann-whitney (unpaired; reported as such),0.49364361129067014,0.8227393521511169,0.8227393521511169
STAD,VEGF_PDGF_AXIS,BEST4+ enterocyte,same-cell-type,0,5,7,nan,0.0074575372040271756,0.03945748462821498,nan,0.14740688856687892,mann-whitney (unpaired; reported as such),0.14740688856687892,0.43417235106704943,0.43417235106704943
STAD,VEGF_PDGF_AXIS,enterocyte,same-cell-type,0,19,22,nan,0.056900153907684305,0.07511136243744138,nan,0.20880935037885517,mann-whitney (unpaired; reported as such),0.20880935037885517,0.43417235106704943,0.43417235106704943
STAD,VEGF_PDGF_AXIS,enteroendocrine cell,same-cell-type,0,23,27,nan,0.03611567126756561,0.044055987182476004,nan,0.46962822377113955,mann-whitney (unpaired; reported as such),0.46962822377113955,0.626170965028186,0.626170965028186
STAD,VEGF_PDGF_AXIS,epithelial cell,same-cell-type,0,28,34,nan,0.03457097898713744,0.04445106473858726,nan,0.1510837576857439,mann-whitney (unpaired; reported as such),0.1510837576857439,0.43417235106704943,0.43417235106704943
STAD,VEGF_PDGF_AXIS,foveolar cell of stomach,same-cell-type,0,28,34,nan,0.03797256084030493,0.051639742765084734,nan,0.06490412436321892,mann-whitney (unpaired; reported as such),0.06490412436321892,0.38942474617931355,0.38942474617931355
STAD,VEGF_PDGF_AXIS,intestine goblet cell,same-cell-type,0,22,21,nan,0.053526069461348906,0.04692090965535217,nan,0.534248116584068,mann-whitney (unpaired; reported as such),0.534248116584068,0.6410977399008816,0.6410977399008816
STAD,VEGF_PDGF_AXIS,mucous neck cell of gastric gland,same-cell-type,0,27,34,nan,0.046847933856332395,0.05352842280870649,nan,0.31289989641209204,mann-whitney (unpaired; reported as such),0.31289989641209204,0.5104553574501445,0.5104553574501445
STAD,VEGF_PDGF_AXIS,parietal cell,same-cell-type,0,19,31,nan,0.04255519222275216,0.0802035457337441,nan,0.0017952038621431468,mann-whitney (unpaired; reported as such),0.0017952038621431468,0.02154244634571776,0.02154244634571776
STAD,VEGF_PDGF_AXIS,peptic cell,same-cell-type,0,19,26,nan,0.03289469061761822,0.046455954771054284,nan,0.21708617553352472,mann-whitney (unpaired; reported as such),0.21708617553352472,0.43417235106704943,0.43417235106704943
STAD,VEGF_PDGF_AXIS,type EC enteroendocrine cell,same-cell-type,0,21,28,nan,0.048557508258317235,0.06095058811389766,nan,0.3403035716334296,mann-whitney (unpaired; reported as such),0.3403035716334296,0.5104553574501445,0.5104553574501445
STAD,VEGF_PDGF_AXIS,type G enteroendocrine cell,same-cell-type,0,13,27,nan,0.04710773533353439,0.0480153335330806,nan,0.6631220058840048,mann-whitney (unpaired; reported as such),0.6631220058840048,0.7234058246007325,0.7234058246007325
STAD,VEGF_PDGF_AXIS,type X enteroendocrine cell,same-cell-type,0,13,27,nan,0.06182127860908671,0.06358188259971172,nan,0.7282666106700683,mann-whitney (unpaired; reported as such),0.7282666106700683,0.7282666106700683,0.7282666106700683
STAD,HGF_MET_AXIS,BEST4+ enterocyte,same-cell-type,0,5,7,nan,0.0,0.0723424603864228,nan,0.06639318527112506,mann-whitney (unpaired; reported as such),0.06639318527112506,0.327261472531469,0.327261472531469
STAD,HGF_MET_AXIS,enterocyte,same-cell-type,0,19,22,nan,0.08248799156329123,0.08583950300888378,nan,0.9372540784722116,mann-whitney (unpaired; reported as such),0.9372540784722116,0.9669422980079588,0.9669422980079588
STAD,HGF_MET_AXIS,enteroendocrine cell,same-cell-type,0,23,27,nan,0.054039265831721646,0.04531022627214151,nan,0.5941903078315091,mann-whitney (unpaired; reported as such),0.5941903078315091,0.8912854617472636,0.8912854617472636
STAD,HGF_MET_AXIS,epithelial cell,same-cell-type,0,28,34,nan,0.08990609215324118,0.08878951484841825,nan,0.8819307212779461,mann-whitney (unpaired; reported as such),0.8819307212779461,0.9669422980079588,0.9669422980079588
STAD,HGF_MET_AXIS,foveolar cell of stomach,same-cell-type,0,28,34,nan,0.10349383207128872,0.10399135069134925,nan,0.9267439056002764,mann-whitney (unpaired; reported as such),0.9267439056002764,0.9669422980079588,0.9669422980079588
STAD,HGF_MET_AXIS,intestine goblet cell,same-cell-type,0,22,21,nan,0.05035400984862608,0.06035911822772132,nan,0.5430135663542873,mann-whitney (unpaired; reported as such),0.5430135663542873,0.8912854617472636,0.8912854617472636
STAD,HGF_MET_AXIS,mucous neck cell of gastric gland,same-cell-type,0,27,34,nan,0.048213917638512176,0.044093611855662095,nan,0.30942495024942895,mann-whitney (unpaired; reported as such),0.30942495024942895,0.7426198805986295,0.7426198805986295
STAD,HGF_MET_AXIS,parietal cell,same-cell-type,0,19,31,nan,0.013629577306068294,0.04808335210134239,nan,0.0001850854281861506,mann-whitney (unpaired; reported as such),0.0001850854281861506,0.0022210251382338074,0.0022210251382338074
STAD,HGF_MET_AXIS,peptic cell,same-cell-type,0,19,26,nan,0.03002781905050607,0.012288574095167546,nan,0.08181536813286724,mann-whitney (unpaired; reported as such),0.08181536813286724,0.327261472531469,0.327261472531469
STAD,HGF_MET_AXIS,type EC enteroendocrine cell,same-cell-type,0,21,28,nan,0.0799426634998431,0.06528554886765245,nan,0.966942298007959,mann-whitney (unpaired; reported as such),0.966942298007959,0.9669422980079588,0.9669422980079588
STAD,HGF_MET_AXIS,type G enteroendocrine cell,same-cell-type,0,13,27,nan,0.022186381069374532,0.04047881955856701,nan,0.4042001249572862,mann-whitney (unpaired; reported as such),0.4042001249572862,0.8084002499145724,0.8084002499145724
STAD,HGF_MET_AXIS,type X enteroendocrine cell,same-cell-type,0,13,27,nan,0.01042186454325222,0.035301568324064427,nan,0.2616067554747372,mann-whitney (unpaired; reported as such),0.2616067554747372,0.7426198805986295,0.7426198805986295
STAD,EPH_RECEPTORS,BEST4+ enterocyte,same-cell-type,0,5,7,nan,0.0,0.07496107055188773,nan,0.06639318527112506,mann-whitney (unpaired; reported as such),0.06639318527112506,0.15934364465070014,0.15934364465070014
STAD,EPH_RECEPTORS,enterocyte,same-cell-type,0,19,22,nan,0.08713929210738795,0.08262842503357287,nan,0.8852454951703917,mann-whitney (unpaired; reported as such),0.8852454951703917,0.9415266557768986,0.9415266557768986
STAD,EPH_RECEPTORS,enteroendocrine cell,same-cell-type,0,23,27,nan,0.05456892464937386,0.03721787330467538,nan,0.34680012025768236,mann-whitney (unpaired; reported as such),0.34680012025768236,0.5202001803865235,0.5202001803865235
STAD,EPH_RECEPTORS,epithelial cell,same-cell-type,0,28,34,nan,0.12321282648347824,0.09262132718766633,nan,0.0029059531890739928,mann-whitney (unpaired; reported as such),0.0029059531890739928,0.03487143826888792,0.03487143826888792
STAD,EPH_RECEPTORS,foveolar cell of stomach,same-cell-type,0,28,34,nan,0.1075274800877617,0.07899624569921032,nan,0.08568482007985391,mann-whitney (unpaired; reported as such),0.08568482007985391,0.17136964015970782,0.17136964015970782
STAD,EPH_RECEPTORS,intestine goblet cell,same-cell-type,0,22,21,nan,0.0843705706893665,0.10447689083714307,nan,0.931489476608178,mann-whitney (unpaired; reported as such),0.931489476608178,0.9415266557768986,0.9415266557768986
STAD,EPH_RECEPTORS,mucous neck cell of gastric gland,same-cell-type,0,27,34,nan,0.08842081900261528,0.06067693244507052,nan,0.014418741271956066,mann-whitney (unpaired; reported as such),0.014418741271956066,0.05767496508782426,0.05767496508782426
STAD,EPH_RECEPTORS,parietal cell,same-cell-type,0,19,31,nan,0.030724869407921688,0.04306880467216944,nan,0.010822510664782022,mann-whitney (unpaired; reported as such),0.010822510664782022,0.05767496508782426,0.05767496508782426
STAD,EPH_RECEPTORS,peptic cell,same-cell-type,0,19,26,nan,0.018384119532675963,0.007017912856254384,nan,0.9415266557768986,mann-whitney (unpaired; reported as such),0.9415266557768986,0.9415266557768986,0.9415266557768986
STAD,EPH_RECEPTORS,type EC enteroendocrine cell,same-cell-type,0,21,28,nan,0.022752141042409288,0.0188515097157549,nan,0.12941074247114942,mann-whitney (unpaired; reported as such),0.12941074247114942,0.221846987093399,0.221846987093399
STAD,EPH_RECEPTORS,type G enteroendocrine cell,same-cell-type,0,13,27,nan,0.036480287547572786,0.03655889567871395,nan,0.7518311340809407,mann-whitney (unpaired; reported as such),0.7518311340809407,0.9415266557768986,0.9415266557768986
STAD,EPH_RECEPTORS,type X enteroendocrine cell,same-cell-type,0,13,27,nan,0.0010782473967971581,0.011046599415709917,nan,0.05177064745496737,mann-whitney (unpaired; reported as such),0.05177064745496737,0.15531194236490212,0.15531194236490212
STAD,JAK_STAT,BEST4+ enterocyte,same-cell-type,0,5,7,nan,0.09037332236766815,0.12472044915218891,nan,0.6236797393048898,mann-whitney (unpaired; reported as such),0.6236797393048898,0.8315729857398532,0.8315729857398532
STAD,JAK_STAT,enterocyte,same-cell-type,0,19,22,nan,0.10701587436249194,0.10011643931424487,nan,0.5131803633525807,mann-whitney (unpaired; reported as such),0.5131803633525807,0.7998900686466791,0.7998900686466791
STAD,JAK_STAT,enteroendocrine cell,same-cell-type,0,23,27,nan,0.11134558460806214,0.12031965531195753,nan,0.5332600457644527,mann-whitney (unpaired; reported as such),0.5332600457644527,0.7998900686466791,0.7998900686466791
STAD,JAK_STAT,epithelial cell,same-cell-type,0,28,34,nan,0.10842105504507547,0.1100058905352169,nan,0.8707805551864919,mann-whitney (unpaired; reported as such),0.8707805551864919,0.9539129188179323,0.9539129188179323
STAD,JAK_STAT,foveolar cell of stomach,same-cell-type,0,28,34,nan,0.10423676580021854,0.101835833761204,nan,0.407964800362024,mann-whitney (unpaired; reported as such),0.407964800362024,0.7998900686466791,0.7998900686466791
STAD,JAK_STAT,intestine goblet cell,same-cell-type,0,22,21,nan,0.08108216045098567,0.10417877178646139,nan,0.8744201755831046,mann-whitney (unpaired; reported as such),0.8744201755831046,0.9539129188179323,0.9539129188179323
STAD,JAK_STAT,mucous neck cell of gastric gland,same-cell-type,0,27,34,nan,0.09961732195207992,0.09164567375545363,nan,0.27936052220476104,mann-whitney (unpaired; reported as such),0.27936052220476104,0.7998900686466791,0.7998900686466791
STAD,JAK_STAT,parietal cell,same-cell-type,0,19,31,nan,0.11905592190809015,0.09785712506962063,nan,0.28022353332646477,mann-whitney (unpaired; reported as such),0.28022353332646477,0.7998900686466791,0.7998900686466791
STAD,JAK_STAT,peptic cell,same-cell-type,0,19,26,nan,0.045102377503519184,0.061043212394200706,nan,0.4137595460780089,mann-whitney (unpaired; reported as such),0.4137595460780089,0.7998900686466791,0.7998900686466791
STAD,JAK_STAT,type EC enteroendocrine cell,same-cell-type,0,21,28,nan,0.15594062961168262,0.13945236913452091,nan,0.4131818723415027,mann-whitney (unpaired; reported as such),0.4131818723415027,0.7998900686466791,0.7998900686466791
STAD,JAK_STAT,type G enteroendocrine cell,same-cell-type,0,13,27,nan,0.10214317206788313,0.10202511694644552,nan,1.0,mann-whitney (unpaired; reported as such),1.0,1.0,1.0
STAD,JAK_STAT,type X enteroendocrine cell,same-cell-type,0,13,27,nan,0.15090399842871383,0.12950002072284852,nan,0.1026183592137615,mann-whitney (unpaired; reported as such),0.1026183592137615,0.7998900686466791,0.7998900686466791
STAD,SRC_FAK,BEST4+ enterocyte,same-cell-type,0,5,7,nan,0.09789468050003051,0.11375256289135326,nan,0.5005804129627163,mann-whitney (unpaired; reported as such),0.5005804129627163,0.7508706194440744,0.7508706194440744
STAD,SRC_FAK,enterocyte,same-cell-type,0,19,22,nan,0.07046867385663462,0.09152451184804092,nan,0.45293732561370836,mann-whitney (unpaired; reported as such),0.45293732561370836,0.7508706194440744,0.7508706194440744
STAD,SRC_FAK,enteroendocrine cell,same-cell-type,0,23,27,nan,0.07957375028136107,0.07758421426046304,nan,0.9531857747685515,mann-whitney (unpaired; reported as such),0.9531857747685515,0.9531857747685515,0.9531857747685515
STAD,SRC_FAK,epithelial cell,same-cell-type,0,28,34,nan,0.08523138681702704,0.09235149747022153,nan,0.33968636834973687,mann-whitney (unpaired; reported as such),0.33968636834973687,0.7508706194440744,0.7508706194440744
STAD,SRC_FAK,foveolar cell of stomach,same-cell-type,0,28,34,nan,0.08040164914667787,0.10103291827341909,nan,0.03958126511274535,mann-whitney (unpaired; reported as such),0.03958126511274535,0.25153147252372426,0.25153147252372426
STAD,SRC_FAK,intestine goblet cell,same-cell-type,0,22,21,nan,0.08094495034682704,0.0978749617251984,nan,0.8263656881671004,mann-whitney (unpaired; reported as such),0.8263656881671004,0.9014898416368369,0.9014898416368369
STAD,SRC_FAK,mucous neck cell of gastric gland,same-cell-type,0,27,34,nan,0.08356324875286171,0.09173312314706039,nan,0.41199216993596677,mann-whitney (unpaired; reported as such),0.41199216993596677,0.7508706194440744,0.7508706194440744
STAD,SRC_FAK,parietal cell,same-cell-type,0,19,31,nan,0.06667005035346381,0.0917028786847116,nan,0.05975733244796753,mann-whitney (unpaired; reported as such),0.05975733244796753,0.25153147252372426,0.25153147252372426
STAD,SRC_FAK,peptic cell,same-cell-type,0,19,26,nan,0.05530274775093067,0.06570482259513516,nan,0.06288286813093107,mann-whitney (unpaired; reported as such),0.06288286813093107,0.25153147252372426,0.25153147252372426
STAD,SRC_FAK,type EC enteroendocrine cell,same-cell-type,0,21,28,nan,0.0584759157902189,0.06092121042416581,nan,0.35099602395004414,mann-whitney (unpaired; reported as such),0.35099602395004414,0.7508706194440744,0.7508706194440744
STAD,SRC_FAK,type G enteroendocrine cell,same-cell-type,0,13,27,nan,0.07580859930903623,0.09534832198249824,nan,0.7274756214223942,mann-whitney (unpaired; reported as such),0.7274756214223942,0.9014898416368369,0.9014898416368369
STAD,SRC_FAK,type X enteroendocrine cell,same-cell-type,0,13,27,nan,0.0586696615319917,0.048802995273391374,nan,0.7928489826282048,mann-whitney (unpaired; reported as such),0.7928489826282048,0.9014898416368369,0.9014898416368369
STAD,WNT_CTNNB1,BEST4+ enterocyte,same-cell-type,0,5,7,nan,0.2270316392183304,0.12402789362452246,nan,0.5129899106370105,mann-whitney (unpaired; reported as such),0.5129899106370105,0.9709167836020688,0.9709167836020688
STAD,WNT_CTNNB1,enterocyte,same-cell-type,0,19,22,nan,0.1632273869006256,0.15826359423864822,nan,0.9478412865907828,mann-whitney (unpaired; reported as such),0.9478412865907828,0.9709167836020688,0.9709167836020688
STAD,WNT_CTNNB1,enteroendocrine cell,same-cell-type,0,23,27,nan,0.14342040794469837,0.1125337607261754,nan,0.07565673733788078,mann-whitney (unpaired; reported as such),0.07565673733788078,0.49883193114490987,0.49883193114490987
STAD,WNT_CTNNB1,epithelial cell,same-cell-type,0,28,34,nan,0.32725220566016605,0.29122647283195546,nan,0.8374924408740465,mann-whitney (unpaired; reported as such),0.8374924408740465,0.9709167836020688,0.9709167836020688
STAD,WNT_CTNNB1,foveolar cell of stomach,same-cell-type,0,28,34,nan,0.27706883355312256,0.31945541220116264,nan,0.08313865519081831,mann-whitney (unpaired; reported as such),0.08313865519081831,0.49883193114490987,0.49883193114490987
STAD,WNT_CTNNB1,intestine goblet cell,same-cell-type,0,22,21,nan,0.24108455389616543,0.2570521828736621,nan,0.9709167836020687,mann-whitney (unpaired; reported as such),0.9709167836020687,0.9709167836020688,0.9709167836020688
STAD,WNT_CTNNB1,mucous neck cell of gastric gland,same-cell-type,0,27,34,nan,0.21528111255893484,0.2180380796407258,nan,0.7770661110949808,mann-whitney (unpaired; reported as such),0.7770661110949808,0.9709167836020688,0.9709167836020688
STAD,WNT_CTNNB1,parietal cell,same-cell-type,0,19,31,nan,0.17557217121050123,0.1564719593742195,nan,0.9361929072916735,mann-whitney (unpaired; reported as such),0.9361929072916735,0.9709167836020688,0.9709167836020688
STAD,WNT_CTNNB1,peptic cell,same-cell-type,0,19,26,nan,0.09492082178023362,0.09820460350643204,nan,0.15256800403725385,mann-whitney (unpaired; reported as such),0.15256800403725385,0.6102720161490154,0.6102720161490154
STAD,WNT_CTNNB1,type EC enteroendocrine cell,same-cell-type,0,21,28,nan,0.13031485724476952,0.09666848197245549,nan,0.9513144106850633,mann-whitney (unpaired; reported as such),0.9513144106850633,0.9709167836020688,0.9709167836020688
STAD,WNT_CTNNB1,type G enteroendocrine cell,same-cell-type,0,13,27,nan,0.17196834953827458,0.1355177940108532,nan,0.41693643667240055,mann-whitney (unpaired; reported as such),0.41693643667240055,0.9709167836020688,0.9709167836020688
STAD,WNT_CTNNB1,type X enteroendocrine cell,same-cell-type,0,13,27,nan,0.13892089872282448,0.12471547670385671,nan,0.5431832076376651,mann-whitney (unpaired; reported as such),0.5431832076376651,0.9709167836020688,0.9709167836020688
