context,module,cell_type,n_cells,mean_score
CRC,ERBB_RECEPTORS,malignant cell,26551,0.3177665475163694
CRC,ERBB_RECEPTORS,early colonocyte,6778,0.31923594707763275
CRC,ERBB_RECEPTORS,intestinal crypt stem cell of colon,2203,0.28372741441563265
CRC,ERBB_RECEPTORS,secretory cell,5457,0.3110557768383982
CRC,ERBB_RECEPTORS,colon goblet cell,1711,0.5346387499504658
CRC,ERBB_RECEPTORS,BEST4+ colonocyte,1363,0.4864389738635114
CRC,ERBB_RECEPTORS,colonocyte,2030,0.4266859403054409
CRC,ERBB_RECEPTORS,tuft cell of colon,828,0.3098357568004569
CRC,ERBB_RECEPTORS,enteroendocrine cell of colon,186,0.35711569595401005
CRC,ERBB_LIGANDS,malignant cell,26551,0.30319096089386804
CRC,ERBB_LIGANDS,early colonocyte,6778,0.09120824559451284
CRC,ERBB_LIGANDS,intestinal crypt stem cell of colon,2203,0.08544149796410387
CRC,ERBB_LIGANDS,secretory cell,5457,0.051104328990875525
CRC,ERBB_LIGANDS,colon goblet cell,1711,0.3948984107210544
CRC,ERBB_LIGANDS,BEST4+ colonocyte,1363,0.23314320766425098
CRC,ERBB_LIGANDS,colonocyte,2030,0.1888945436040903
CRC,ERBB_LIGANDS,tuft cell of colon,828,0.016250490755346663
CRC,ERBB_LIGANDS,enteroendocrine cell of colon,186,0.045314966470644036
CRC,VEGF_PDGF_AXIS,malignant cell,26551,0.15780642512190401
CRC,VEGF_PDGF_AXIS,early colonocyte,6778,0.08947380297171767
CRC,VEGF_PDGF_AXIS,intestinal crypt stem cell of colon,2203,0.09973868731319688
CRC,VEGF_PDGF_AXIS,secretory cell,5457,0.08320063949880559
CRC,VEGF_PDGF_AXIS,colon goblet cell,1711,0.17818283476806362
CRC,VEGF_PDGF_AXIS,BEST4+ colonocyte,1363,0.18363051818340734
CRC,VEGF_PDGF_AXIS,colonocyte,2030,0.10402205735903802
CRC,VEGF_PDGF_AXIS,tuft cell of colon,828,0.14502043277025223
CRC,VEGF_PDGF_AXIS,enteroendocrine cell of colon,186,0.16294613067982017
CRC,HGF_MET_AXIS,malignant cell,26551,0.18700787888138376
CRC,HGF_MET_AXIS,early colonocyte,6778,0.07492941116936687
CRC,HGF_MET_AXIS,intestinal crypt stem cell of colon,2203,0.05373389906149748
CRC,HGF_MET_AXIS,secretory cell,5457,0.0975144340671887
CRC,HGF_MET_AXIS,colon goblet cell,1711,0.19797106723185173
CRC,HGF_MET_AXIS,BEST4+ colonocyte,1363,0.09746336839103734
CRC,HGF_MET_AXIS,colonocyte,2030,0.10482274736897111
CRC,HGF_MET_AXIS,tuft cell of colon,828,0.026855616771800508
CRC,HGF_MET_AXIS,enteroendocrine cell of colon,186,0.0322566856379791
CRC,EPH_RECEPTORS,malignant cell,26551,0.23058067334220328
CRC,EPH_RECEPTORS,early colonocyte,6778,0.18250428612887262
CRC,EPH_RECEPTORS,intestinal crypt stem cell of colon,2203,0.23434177644405374
CRC,EPH_RECEPTORS,secretory cell,5457,0.1712725922261891
CRC,EPH_RECEPTORS,colon goblet cell,1711,0.06782774755231544
CRC,EPH_RECEPTORS,BEST4+ colonocyte,1363,0.07278817360202618
CRC,EPH_RECEPTORS,colonocyte,2030,0.0894968484276034
CRC,EPH_RECEPTORS,tuft cell of colon,828,0.09308213423847576
CRC,EPH_RECEPTORS,enteroendocrine cell of colon,186,0.08561843673708619
CRC,JAK_STAT,malignant cell,26551,0.222273929578332
CRC,JAK_STAT,early colonocyte,6778,0.19416741462076492
CRC,JAK_STAT,intestinal crypt stem cell of colon,2203,0.1695444644515454
CRC,JAK_STAT,secretory cell,5457,0.20672666661704833
CRC,JAK_STAT,colon goblet cell,1711,0.30911704781179467
CRC,JAK_STAT,BEST4+ colonocyte,1363,0.3424190239637806
CRC,JAK_STAT,colonocyte,2030,0.2616963208620918
CRC,JAK_STAT,tuft cell of colon,828,0.2943069434540283
CRC,JAK_STAT,enteroendocrine cell of colon,186,0.3986437144058366
CRC,SRC_FAK,malignant cell,26551,0.2121609626601312
CRC,SRC_FAK,early colonocyte,6778,0.1668588635977495
CRC,SRC_FAK,intestinal crypt stem cell of colon,2203,0.15683636382641544
CRC,SRC_FAK,secretory cell,5457,0.20934333786196338
CRC,SRC_FAK,colon goblet cell,1711,0.24488224092629274
CRC,SRC_FAK,BEST4+ colonocyte,1363,0.2747330474595506
CRC,SRC_FAK,colonocyte,2030,0.19189188079587344
CRC,SRC_FAK,tuft cell of colon,828,0.2629117509575138
CRC,SRC_FAK,enteroendocrine cell of colon,186,0.2618385119543922
CRC,WNT_CTNNB1,malignant cell,26551,0.7403178886423757
CRC,WNT_CTNNB1,early colonocyte,6778,0.48533515899595203
CRC,WNT_CTNNB1,intestinal crypt stem cell of colon,2203,0.5417478218255289
CRC,WNT_CTNNB1,secretory cell,5457,0.3539080342964985
CRC,WNT_CTNNB1,colon goblet cell,1711,0.3453441151683962
CRC,WNT_CTNNB1,BEST4+ colonocyte,1363,0.5128016709975258
CRC,WNT_CTNNB1,colonocyte,2030,0.28583538309840734
CRC,WNT_CTNNB1,tuft cell of colon,828,0.30182057027007647
CRC,WNT_CTNNB1,enteroendocrine cell of colon,186,0.31175054898185117
IBD,ERBB_RECEPTORS,T cell of anorectum,12128,0.003967322515868213
IBD,ERBB_RECEPTORS,plasma cell,15633,0.00406101002096986
IBD,ERBB_RECEPTORS,colon epithelial cell,12347,0.3462708870011561
IBD,ERBB_RECEPTORS,stromal cell of lamina propria of colon,2821,0.1385456692820537
IBD,ERBB_RECEPTORS,myeloid cell,3771,0.0027941109009833845
IBD,ERBB_LIGANDS,T cell of anorectum,12128,0.06753938981418449
IBD,ERBB_LIGANDS,plasma cell,15633,0.056646100683732874
IBD,ERBB_LIGANDS,colon epithelial cell,12347,0.25088718408204097
IBD,ERBB_LIGANDS,stromal cell of lamina propria of colon,2821,0.10136286617202264
IBD,ERBB_LIGANDS,myeloid cell,3771,0.3503665005414291
IBD,VEGF_PDGF_AXIS,T cell of anorectum,12128,0.015744098811865715
IBD,VEGF_PDGF_AXIS,plasma cell,15633,0.03350987608511725
IBD,VEGF_PDGF_AXIS,colon epithelial cell,12347,0.13753028609837042
IBD,VEGF_PDGF_AXIS,stromal cell of lamina propria of colon,2821,0.21135906685775163
IBD,VEGF_PDGF_AXIS,myeloid cell,3771,0.16604680972607144
IBD,HGF_MET_AXIS,T cell of anorectum,12128,0.0005496921887655686
IBD,HGF_MET_AXIS,plasma cell,15633,0.0019616623521270535
IBD,HGF_MET_AXIS,colon epithelial cell,12347,0.09014335671272164
IBD,HGF_MET_AXIS,stromal cell of lamina propria of colon,2821,0.13045019714260137
IBD,HGF_MET_AXIS,myeloid cell,3771,0.006629541417516154
IBD,EPH_RECEPTORS,T cell of anorectum,12128,0.00633690995772141
IBD,EPH_RECEPTORS,plasma cell,15633,0.001794354163003315
IBD,EPH_RECEPTORS,colon epithelial cell,12347,0.1957196473784086
IBD,EPH_RECEPTORS,stromal cell of lamina propria of colon,2821,0.07476576037831023
IBD,EPH_RECEPTORS,myeloid cell,3771,0.015789675962479047
IBD,JAK_STAT,T cell of anorectum,12128,0.4664274252848332
IBD,JAK_STAT,plasma cell,15633,0.251124873298362
IBD,JAK_STAT,colon epithelial cell,12347,0.24081272741387152
IBD,JAK_STAT,stromal cell of lamina propria of colon,2821,0.5027640798976406
IBD,JAK_STAT,myeloid cell,3771,0.4116088379868921
IBD,SRC_FAK,T cell of anorectum,12128,0.27777045361923747
IBD,SRC_FAK,plasma cell,15633,0.0824281982384083
IBD,SRC_FAK,colon epithelial cell,12347,0.11787478925076884
IBD,SRC_FAK,stromal cell of lamina propria of colon,2821,0.19900744734018333
IBD,SRC_FAK,myeloid cell,3771,0.09583664989161637
IBD,WNT_CTNNB1,T cell of anorectum,12128,0.19172330671014662
IBD,WNT_CTNNB1,plasma cell,15633,0.1461484431488594
IBD,WNT_CTNNB1,colon epithelial cell,12347,0.29765000716456236
IBD,WNT_CTNNB1,stromal cell of lamina propria of colon,2821,0.6035722205061552
IBD,WNT_CTNNB1,myeloid cell,3771,0.2585010895212363
STAD,ERBB_RECEPTORS,unknown,1846,0.1504441609208594
STAD,ERBB_RECEPTORS,mucous neck cell of gastric gland,18372,0.14157532186375357
STAD,ERBB_RECEPTORS,foveolar cell of stomach,14313,0.13479550474741786
STAD,ERBB_RECEPTORS,epithelial cell,19556,0.13069641058441608
STAD,ERBB_RECEPTORS,peptic cell,2355,0.05537016723945642
STAD,ERBB_RECEPTORS,intestine goblet cell,1202,0.11203133061949704
STAD,ERBB_RECEPTORS,enterocyte,5575,0.13168613914483865
STAD,ERBB_RECEPTORS,type EC enteroendocrine cell,1158,0.09859199572952917
STAD,ERBB_RECEPTORS,parietal cell,1358,0.11992764933273438
STAD,ERBB_RECEPTORS,enteroendocrine cell,1928,0.11047779497810295
STAD,ERBB_RECEPTORS,BEST4+ enterocyte,64,0.13619172060862184
STAD,ERBB_RECEPTORS,type X enteroendocrine cell,606,0.056020794294946656
STAD,ERBB_RECEPTORS,type G enteroendocrine cell,480,0.07840994058642536
STAD,ERBB_LIGANDS,unknown,1846,0.12047458176913783
STAD,ERBB_LIGANDS,mucous neck cell of gastric gland,18372,0.041711194517977834
STAD,ERBB_LIGANDS,foveolar cell of stomach,14313,0.07258587614290558
STAD,ERBB_LIGANDS,epithelial cell,19556,0.06407784995349385
STAD,ERBB_LIGANDS,peptic cell,2355,0.03617319918362198
STAD,ERBB_LIGANDS,intestine goblet cell,1202,0.12232828753908938
STAD,ERBB_LIGANDS,enterocyte,5575,0.20262733329438307
STAD,ERBB_LIGANDS,type EC enteroendocrine cell,1158,0.029242287221041368
STAD,ERBB_LIGANDS,parietal cell,1358,0.016901662965498547
STAD,ERBB_LIGANDS,enteroendocrine cell,1928,0.05492051230372544
STAD,ERBB_LIGANDS,BEST4+ enterocyte,64,0.2438324810937047
STAD,ERBB_LIGANDS,type X enteroendocrine cell,606,0.011221937380313086
STAD,ERBB_LIGANDS,type G enteroendocrine cell,480,0.017671948252245783
STAD,VEGF_PDGF_AXIS,unknown,1846,0.04202892957709302
STAD,VEGF_PDGF_AXIS,mucous neck cell of gastric gland,18372,0.046823563784226654
STAD,VEGF_PDGF_AXIS,foveolar cell of stomach,14313,0.044690593174157495
STAD,VEGF_PDGF_AXIS,epithelial cell,19556,0.03600610412240461
STAD,VEGF_PDGF_AXIS,peptic cell,2355,0.037551860298542204
STAD,VEGF_PDGF_AXIS,intestine goblet cell,1202,0.05324463646691571
STAD,VEGF_PDGF_AXIS,enterocyte,5575,0.07787216611406995
STAD,VEGF_PDGF_AXIS,type EC enteroendocrine cell,1158,0.038887138875757885
STAD,VEGF_PDGF_AXIS,parietal cell,1358,0.07327454406576059
STAD,VEGF_PDGF_AXIS,enteroendocrine cell,1928,0.040914634739230404
STAD,VEGF_PDGF_AXIS,BEST4+ enterocyte,64,0.04953568591736257
STAD,VEGF_PDGF_AXIS,type X enteroendocrine cell,606,0.03724303481356539
STAD,VEGF_PDGF_AXIS,type G enteroendocrine cell,480,0.03590320724761113
STAD,HGF_MET_AXIS,unknown,1846,0.0993349427177711
STAD,HGF_MET_AXIS,mucous neck cell of gastric gland,18372,0.04690169114149067
STAD,HGF_MET_AXIS,foveolar cell of stomach,14313,0.1258837760441135
STAD,HGF_MET_AXIS,epithelial cell,19556,0.09362213032796947
STAD,HGF_MET_AXIS,peptic cell,2355,0.012476505288526004
STAD,HGF_MET_AXIS,intestine goblet cell,1202,0.05521147191127802
STAD,HGF_MET_AXIS,enterocyte,5575,0.1011292398884692
STAD,HGF_MET_AXIS,type EC enteroendocrine cell,1158,0.07512672150922563
STAD,HGF_MET_AXIS,parietal cell,1358,0.044201917748826945
STAD,HGF_MET_AXIS,enteroendocrine cell,1928,0.035248879551949344
STAD,HGF_MET_AXIS,BEST4+ enterocyte,64,0.07266326667740941
STAD,HGF_MET_AXIS,type X enteroendocrine cell,606,0.021732950810552036
STAD,HGF_MET_AXIS,type G enteroendocrine cell,480,0.03180018202401698
STAD,EPH_RECEPTORS,unknown,1846,0.12470825936015643
STAD,EPH_RECEPTORS,mucous neck cell of gastric gland,18372,0.0604291359088778
STAD,EPH_RECEPTORS,foveolar cell of stomach,14313,0.07447350602983505
STAD,EPH_RECEPTORS,epithelial cell,19556,0.10081758636817044
STAD,EPH_RECEPTORS,peptic cell,2355,0.008412131410875138
STAD,EPH_RECEPTORS,intestine goblet cell,1202,0.10317972605232888
STAD,EPH_RECEPTORS,enterocyte,5575,0.10713542022579454
STAD,EPH_RECEPTORS,type EC enteroendocrine cell,1158,0.01027084171566115
STAD,EPH_RECEPTORS,parietal cell,1358,0.025265837359805872
STAD,EPH_RECEPTORS,enteroendocrine cell,1928,0.05296680251236897
STAD,EPH_RECEPTORS,BEST4+ enterocyte,64,0.05102533078752458
STAD,EPH_RECEPTORS,type X enteroendocrine cell,606,0.009145730030615338
STAD,EPH_RECEPTORS,type G enteroendocrine cell,480,0.024025641210998098
STAD,JAK_STAT,unknown,1846,0.1103821392599917
STAD,JAK_STAT,mucous neck cell of gastric gland,18372,0.0877556042806946
STAD,JAK_STAT,foveolar cell of stomach,14313,0.10068978340397722
STAD,JAK_STAT,epithelial cell,19556,0.10469681527273184
STAD,JAK_STAT,peptic cell,2355,0.04049050686465707
STAD,JAK_STAT,intestine goblet cell,1202,0.07860566272296494
STAD,JAK_STAT,enterocyte,5575,0.10768149296064013
STAD,JAK_STAT,type EC enteroendocrine cell,1158,0.12517580195669478
STAD,JAK_STAT,parietal cell,1358,0.08431545345439125
STAD,JAK_STAT,enteroendocrine cell,1928,0.11852443782821359
STAD,JAK_STAT,BEST4+ enterocyte,64,0.11754592205397785
STAD,JAK_STAT,type X enteroendocrine cell,606,0.10684992487944982
STAD,JAK_STAT,type G enteroendocrine cell,480,0.09535852017967651
STAD,SRC_FAK,unknown,1846,0.07978360312925258
STAD,SRC_FAK,mucous neck cell of gastric gland,18372,0.08447167880353801
STAD,SRC_FAK,foveolar cell of stomach,14313,0.08809576515535976
STAD,SRC_FAK,epithelial cell,19556,0.08325070226324982
STAD,SRC_FAK,peptic cell,2355,0.053331942375425066
STAD,SRC_FAK,intestine goblet cell,1202,0.08826061111941512
STAD,SRC_FAK,enterocyte,5575,0.09566810142165343
STAD,SRC_FAK,type EC enteroendocrine cell,1158,0.06235285753799226
STAD,SRC_FAK,parietal cell,1358,0.07630823783038818
STAD,SRC_FAK,enteroendocrine cell,1928,0.08026809540202386
STAD,SRC_FAK,BEST4+ enterocyte,64,0.10440901760011911
STAD,SRC_FAK,type X enteroendocrine cell,606,0.045862138086911475
STAD,SRC_FAK,type G enteroendocrine cell,480,0.06976427172776312
STAD,WNT_CTNNB1,unknown,1846,0.24330229965217193
STAD,WNT_CTNNB1,mucous neck cell of gastric gland,18372,0.20666859763287757
STAD,WNT_CTNNB1,foveolar cell of stomach,14313,0.2614970481675047
STAD,WNT_CTNNB1,epithelial cell,19556,0.27690424332934294
STAD,WNT_CTNNB1,peptic cell,2355,0.09170253287898
STAD,WNT_CTNNB1,intestine goblet cell,1202,0.21346739297748207
STAD,WNT_CTNNB1,enterocyte,5575,0.16341263111263113
STAD,WNT_CTNNB1,type EC enteroendocrine cell,1158,0.10794486092574032
STAD,WNT_CTNNB1,parietal cell,1358,0.11113589627884976
STAD,WNT_CTNNB1,enteroendocrine cell,1928,0.13895736010629237
STAD,WNT_CTNNB1,BEST4+ enterocyte,64,0.1492092818953097
STAD,WNT_CTNNB1,type X enteroendocrine cell,606,0.11933745849545639
STAD,WNT_CTNNB1,type G enteroendocrine cell,480,0.10929373564043393
