"accession","module","n_members","n_present","coverage","missing"
"GSE13911","EPH_RECEPTORS",4,4,1,""
"GSE13911","ERBB_LIGANDS",6,6,1,""
"GSE13911","ERBB_RECEPTORS",4,4,1,""
"GSE13911","FGFR_AXIS",8,8,1,""
"GSE13911","HGF_MET_AXIS",3,3,1,""
"GSE13911","IGF_INSR_AXIS",4,3,0.75,"IGF2"
"GSE13911","JAK_STAT",9,9,1,""
"GSE13911","PDGFR_KIT_CSF1R",5,5,1,""
"GSE13911","PI3K_AKT",9,9,1,""
"GSE13911","RAS_MAPK",12,12,1,""
"GSE13911","RET_ALK_NTRK",6,6,1,""
"GSE13911","SRC_FAK",5,5,1,""
"GSE13911","TAM_AXL_AXIS",3,3,1,""
"GSE13911","TGFB_SMAD",5,5,1,""
"GSE13911","TIE_ANGPT_AXIS",3,3,1,""
"GSE13911","VEGF_PDGF_AXIS",9,9,1,""
"GSE13911","WNT_CTNNB1",4,4,1,""
"GSE27342","EPH_RECEPTORS",4,4,1,""
"GSE27342","ERBB_LIGANDS",6,6,1,""
"GSE27342","ERBB_RECEPTORS",4,4,1,""
"GSE27342","FGFR_AXIS",8,5,0.625,"FGFR2;FGF2;FGF7"
"GSE27342","HGF_MET_AXIS",3,3,1,""
"GSE27342","IGF_INSR_AXIS",4,4,1,""
"GSE27342","JAK_STAT",9,7,0.778,"STAT5A;STAT5B"
"GSE27342","PDGFR_KIT_CSF1R",5,4,0.8,"PDGFRA"
"GSE27342","PI3K_AKT",9,8,0.889,"PDPK1"
"GSE27342","RAS_MAPK",12,8,0.667,"KRAS;MAP2K1;MAP2K2;DUSP6"
"GSE27342","RET_ALK_NTRK",6,6,1,""
"GSE27342","SRC_FAK",5,4,0.8,"FYN"
"GSE27342","TAM_AXL_AXIS",3,2,0.667,"TYRO3"
"GSE27342","TGFB_SMAD",5,5,1,""
"GSE27342","TIE_ANGPT_AXIS",3,3,1,""
"GSE27342","VEGF_PDGF_AXIS",9,9,1,""
"GSE27342","WNT_CTNNB1",4,4,1,""
"GSE63089","EPH_RECEPTORS",4,4,1,""
"GSE63089","ERBB_LIGANDS",6,6,1,""
"GSE63089","ERBB_RECEPTORS",4,4,1,""
"GSE63089","FGFR_AXIS",8,5,0.625,"FGFR2;FGF2;FGF7"
"GSE63089","HGF_MET_AXIS",3,3,1,""
"GSE63089","IGF_INSR_AXIS",4,3,0.75,"IGF2"
"GSE63089","JAK_STAT",9,7,0.778,"STAT5A;STAT5B"
"GSE63089","PDGFR_KIT_CSF1R",5,4,0.8,"PDGFRA"
"GSE63089","PI3K_AKT",9,8,0.889,"PDPK1"
"GSE63089","RAS_MAPK",12,7,0.583,"KRAS;BRAF;MAP2K1;MAP2K2;DUSP6"
"GSE63089","RET_ALK_NTRK",6,6,1,""
"GSE63089","SRC_FAK",5,4,0.8,"FYN"
"GSE63089","TAM_AXL_AXIS",3,2,0.667,"TYRO3"
"GSE63089","TGFB_SMAD",5,5,1,""
"GSE63089","TIE_ANGPT_AXIS",3,3,1,""
"GSE63089","VEGF_PDGF_AXIS",9,8,0.889,"PDGFA"
"GSE63089","WNT_CTNNB1",4,4,1,""
"GSE15471","EPH_RECEPTORS",4,4,1,""
"GSE15471","ERBB_LIGANDS",6,6,1,""
"GSE15471","ERBB_RECEPTORS",4,4,1,""
"GSE15471","FGFR_AXIS",8,8,1,""
"GSE15471","HGF_MET_AXIS",3,3,1,""
"GSE15471","IGF_INSR_AXIS",4,3,0.75,"IGF2"
"GSE15471","JAK_STAT",9,9,1,""
"GSE15471","PDGFR_KIT_CSF1R",5,5,1,""
"GSE15471","PI3K_AKT",9,9,1,""
"GSE15471","RAS_MAPK",12,12,1,""
"GSE15471","RET_ALK_NTRK",6,6,1,""
"GSE15471","SRC_FAK",5,5,1,""
"GSE15471","TAM_AXL_AXIS",3,3,1,""
"GSE15471","TGFB_SMAD",5,5,1,""
"GSE15471","TIE_ANGPT_AXIS",3,3,1,""
"GSE15471","VEGF_PDGF_AXIS",9,9,1,""
"GSE15471","WNT_CTNNB1",4,4,1,""
"GSE20347","EPH_RECEPTORS",4,4,1,""
"GSE20347","ERBB_LIGANDS",6,6,1,""
"GSE20347","ERBB_RECEPTORS",4,4,1,""
"GSE20347","FGFR_AXIS",8,7,0.875,"FGF10"
"GSE20347","HGF_MET_AXIS",3,3,1,""
"GSE20347","IGF_INSR_AXIS",4,3,0.75,"IGF2"
"GSE20347","JAK_STAT",9,9,1,""
"GSE20347","PDGFR_KIT_CSF1R",5,5,1,""
"GSE20347","PI3K_AKT",9,8,0.889,"RPTOR"
"GSE20347","RAS_MAPK",12,11,0.917,"BRAF"
"GSE20347","RET_ALK_NTRK",6,6,1,""
"GSE20347","SRC_FAK",5,5,1,""
"GSE20347","TAM_AXL_AXIS",3,3,1,""
"GSE20347","TGFB_SMAD",5,5,1,""
"GSE20347","TIE_ANGPT_AXIS",3,3,1,""
"GSE20347","VEGF_PDGF_AXIS",9,9,1,""
"GSE20347","WNT_CTNNB1",4,3,0.75,"AXIN2"
"GSE23400","EPH_RECEPTORS",4,4,1,""
"GSE23400","ERBB_LIGANDS",6,6,1,""
"GSE23400","ERBB_RECEPTORS",4,4,1,""
"GSE23400","FGFR_AXIS",8,7,0.875,"FGF10"
"GSE23400","HGF_MET_AXIS",3,3,1,""
"GSE23400","IGF_INSR_AXIS",4,3,0.75,"IGF2"
"GSE23400","JAK_STAT",9,9,1,""
"GSE23400","PDGFR_KIT_CSF1R",5,5,1,""
"GSE23400","PI3K_AKT",9,8,0.889,"RPTOR"
"GSE23400","RAS_MAPK",12,11,0.917,"BRAF"
"GSE23400","RET_ALK_NTRK",6,6,1,""
"GSE23400","SRC_FAK",5,5,1,""
"GSE23400","TAM_AXL_AXIS",3,3,1,""
"GSE23400","TGFB_SMAD",5,5,1,""
"GSE23400","TIE_ANGPT_AXIS",3,3,1,""
"GSE23400","VEGF_PDGF_AXIS",9,9,1,""
"GSE23400","WNT_CTNNB1",4,3,0.75,"AXIN2"
"GSE28735","EPH_RECEPTORS",4,4,1,""
"GSE28735","ERBB_LIGANDS",6,6,1,""
"GSE28735","ERBB_RECEPTORS",4,4,1,""
"GSE28735","FGFR_AXIS",8,8,1,""
"GSE28735","HGF_MET_AXIS",3,3,1,""
"GSE28735","IGF_INSR_AXIS",4,3,0.75,"IGF2"
"GSE28735","JAK_STAT",9,9,1,""
"GSE28735","PDGFR_KIT_CSF1R",5,4,0.8,"PDGFRB"
"GSE28735","PI3K_AKT",9,9,1,""
"GSE28735","RAS_MAPK",12,10,0.833,"BRAF;RAF1"
"GSE28735","RET_ALK_NTRK",6,2,0.333,"RET;ALK;ROS1;NTRK1"
"GSE28735","SRC_FAK",5,5,1,""
"GSE28735","TAM_AXL_AXIS",3,3,1,""
"GSE28735","TGFB_SMAD",5,5,1,""
"GSE28735","TIE_ANGPT_AXIS",3,3,1,""
"GSE28735","VEGF_PDGF_AXIS",9,9,1,""
"GSE28735","WNT_CTNNB1",4,4,1,""
"GSE33814","EPH_RECEPTORS",4,4,1,""
"GSE33814","ERBB_LIGANDS",6,6,1,""
"GSE33814","ERBB_RECEPTORS",4,4,1,""
"GSE33814","FGFR_AXIS",8,7,0.875,"FGFR2"
"GSE33814","HGF_MET_AXIS",3,3,1,""
"GSE33814","IGF_INSR_AXIS",4,4,1,""
"GSE33814","JAK_STAT",9,9,1,""
"GSE33814","PDGFR_KIT_CSF1R",5,5,1,""
"GSE33814","PI3K_AKT",9,9,1,""
"GSE33814","RAS_MAPK",12,12,1,""
"GSE33814","RET_ALK_NTRK",6,6,1,""
"GSE33814","SRC_FAK",5,5,1,""
"GSE33814","TAM_AXL_AXIS",3,3,1,""
"GSE33814","TGFB_SMAD",5,5,1,""
"GSE33814","TIE_ANGPT_AXIS",3,3,1,""
"GSE33814","VEGF_PDGF_AXIS",9,9,1,""
"GSE33814","WNT_CTNNB1",4,4,1,""
"GSE47460","EPH_RECEPTORS",4,3,0.75,"EPHB2"
"GSE47460","ERBB_LIGANDS",6,6,1,""
"GSE47460","ERBB_RECEPTORS",4,4,1,""
"GSE47460","FGFR_AXIS",8,7,0.875,"FGF2"
"GSE47460","HGF_MET_AXIS",3,2,0.667,"HGF"
"GSE47460","IGF_INSR_AXIS",4,3,0.75,"INSR"
"GSE47460","JAK_STAT",9,6,0.667,"JAK1;JAK2;STAT5B"
"GSE47460","PDGFR_KIT_CSF1R",5,5,1,""
"GSE47460","PI3K_AKT",9,8,0.889,"AKT1"
"GSE47460","RAS_MAPK",12,12,1,""
"GSE47460","RET_ALK_NTRK",6,6,1,""
"GSE47460","SRC_FAK",5,4,0.8,"PTK2B"
"GSE47460","TAM_AXL_AXIS",3,2,0.667,"MERTK"
"GSE47460","TGFB_SMAD",5,4,0.8,"TGFBR1"
"GSE47460","TIE_ANGPT_AXIS",3,3,1,""
"GSE47460","VEGF_PDGF_AXIS",9,7,0.778,"FLT1;PGF"
"GSE47460","WNT_CTNNB1",4,4,1,""
"GSE57957","EPH_RECEPTORS",4,4,1,""
"GSE57957","ERBB_LIGANDS",6,6,1,""
"GSE57957","ERBB_RECEPTORS",4,4,1,""
"GSE57957","FGFR_AXIS",8,8,1,""
"GSE57957","HGF_MET_AXIS",3,3,1,""
"GSE57957","IGF_INSR_AXIS",4,4,1,""
"GSE57957","JAK_STAT",9,9,1,""
"GSE57957","PDGFR_KIT_CSF1R",5,5,1,""
"GSE57957","PI3K_AKT",9,9,1,""
"GSE57957","RAS_MAPK",12,12,1,""
"GSE57957","RET_ALK_NTRK",6,6,1,""
"GSE57957","SRC_FAK",5,5,1,""
"GSE57957","TAM_AXL_AXIS",3,3,1,""
"GSE57957","TGFB_SMAD",5,5,1,""
"GSE57957","TIE_ANGPT_AXIS",3,3,1,""
"GSE57957","VEGF_PDGF_AXIS",9,9,1,""
"GSE57957","WNT_CTNNB1",4,4,1,""
"GSE62232","EPH_RECEPTORS",4,4,1,""
"GSE62232","ERBB_LIGANDS",6,6,1,""
"GSE62232","ERBB_RECEPTORS",4,4,1,""
"GSE62232","FGFR_AXIS",8,8,1,""
"GSE62232","HGF_MET_AXIS",3,3,1,""
"GSE62232","IGF_INSR_AXIS",4,3,0.75,"IGF2"
"GSE62232","JAK_STAT",9,9,1,""
"GSE62232","PDGFR_KIT_CSF1R",5,5,1,""
"GSE62232","PI3K_AKT",9,9,1,""
"GSE62232","RAS_MAPK",12,12,1,""
"GSE62232","RET_ALK_NTRK",6,6,1,""
"GSE62232","SRC_FAK",5,5,1,""
"GSE62232","TAM_AXL_AXIS",3,3,1,""
"GSE62232","TGFB_SMAD",5,5,1,""
"GSE62232","TIE_ANGPT_AXIS",3,3,1,""
"GSE62232","VEGF_PDGF_AXIS",9,9,1,""
"GSE62232","WNT_CTNNB1",4,4,1,""
"GSE62452","EPH_RECEPTORS",4,4,1,""
"GSE62452","ERBB_LIGANDS",6,6,1,""
"GSE62452","ERBB_RECEPTORS",4,4,1,""
"GSE62452","FGFR_AXIS",8,8,1,""
"GSE62452","HGF_MET_AXIS",3,3,1,""
"GSE62452","IGF_INSR_AXIS",4,3,0.75,"IGF2"
"GSE62452","JAK_STAT",9,9,1,""
"GSE62452","PDGFR_KIT_CSF1R",5,4,0.8,"PDGFRB"
"GSE62452","PI3K_AKT",9,9,1,""
"GSE62452","RAS_MAPK",12,10,0.833,"BRAF;RAF1"
"GSE62452","RET_ALK_NTRK",6,2,0.333,"RET;ALK;ROS1;NTRK1"
"GSE62452","SRC_FAK",5,5,1,""
"GSE62452","TAM_AXL_AXIS",3,3,1,""
"GSE62452","TGFB_SMAD",5,5,1,""
"GSE62452","TIE_ANGPT_AXIS",3,3,1,""
"GSE62452","VEGF_PDGF_AXIS",9,9,1,""
"GSE62452","WNT_CTNNB1",4,4,1,""
"GSE66676","EPH_RECEPTORS",4,4,1,""
"GSE66676","ERBB_LIGANDS",6,6,1,""
"GSE66676","ERBB_RECEPTORS",4,4,1,""
"GSE66676","FGFR_AXIS",8,8,1,""
"GSE66676","HGF_MET_AXIS",3,3,1,""
"GSE66676","IGF_INSR_AXIS",4,3,0.75,"IGF2"
"GSE66676","JAK_STAT",9,9,1,""
"GSE66676","PDGFR_KIT_CSF1R",5,4,0.8,"PDGFRB"
"GSE66676","PI3K_AKT",9,9,1,""
"GSE66676","RAS_MAPK",12,10,0.833,"BRAF;RAF1"
"GSE66676","RET_ALK_NTRK",6,2,0.333,"RET;ALK;ROS1;NTRK1"
"GSE66676","SRC_FAK",5,5,1,""
"GSE66676","TAM_AXL_AXIS",3,3,1,""
"GSE66676","TGFB_SMAD",5,5,1,""
"GSE66676","TIE_ANGPT_AXIS",3,3,1,""
"GSE66676","VEGF_PDGF_AXIS",9,9,1,""
"GSE66676","WNT_CTNNB1",4,4,1,""
"GSE76925","EPH_RECEPTORS",4,4,1,""
"GSE76925","ERBB_LIGANDS",6,5,0.833,"AREG"
"GSE76925","ERBB_RECEPTORS",4,3,0.75,"ERBB4"
"GSE76925","FGFR_AXIS",8,8,1,""
"GSE76925","HGF_MET_AXIS",3,3,1,""
"GSE76925","IGF_INSR_AXIS",4,4,1,""
"GSE76925","JAK_STAT",9,8,0.889,"JAK3"
"GSE76925","PDGFR_KIT_CSF1R",5,5,1,""
"GSE76925","PI3K_AKT",9,9,1,""
"GSE76925","RAS_MAPK",12,12,1,""
"GSE76925","RET_ALK_NTRK",6,5,0.833,"NTRK1"
"GSE76925","SRC_FAK",5,5,1,""
"GSE76925","TAM_AXL_AXIS",3,3,1,""
"GSE76925","TGFB_SMAD",5,4,0.8,"TGFB1"
"GSE76925","TIE_ANGPT_AXIS",3,3,1,""
"GSE76925","VEGF_PDGF_AXIS",9,8,0.889,"FLT4"
"GSE76925","WNT_CTNNB1",4,4,1,""
"GSE10072","EPH_RECEPTORS",4,4,1,""
"GSE10072","ERBB_LIGANDS",6,6,1,""
"GSE10072","ERBB_RECEPTORS",4,4,1,""
"GSE10072","FGFR_AXIS",8,7,0.875,"FGF10"
"GSE10072","HGF_MET_AXIS",3,3,1,""
"GSE10072","IGF_INSR_AXIS",4,3,0.75,"IGF2"
"GSE10072","JAK_STAT",9,9,1,""
"GSE10072","PDGFR_KIT_CSF1R",5,5,1,""
"GSE10072","PI3K_AKT",9,8,0.889,"RPTOR"
"GSE10072","RAS_MAPK",12,11,0.917,"BRAF"
"GSE10072","RET_ALK_NTRK",6,6,1,""
"GSE10072","SRC_FAK",5,5,1,""
"GSE10072","TAM_AXL_AXIS",3,3,1,""
"GSE10072","TGFB_SMAD",5,5,1,""
"GSE10072","TIE_ANGPT_AXIS",3,3,1,""
"GSE10072","VEGF_PDGF_AXIS",9,9,1,""
"GSE10072","WNT_CTNNB1",4,3,0.75,"AXIN2"
"GSE16879","EPH_RECEPTORS",4,4,1,""
"GSE16879","ERBB_LIGANDS",6,6,1,""
"GSE16879","ERBB_RECEPTORS",4,4,1,""
"GSE16879","FGFR_AXIS",8,8,1,""
"GSE16879","HGF_MET_AXIS",3,3,1,""
"GSE16879","IGF_INSR_AXIS",4,3,0.75,"IGF2"
"GSE16879","JAK_STAT",9,9,1,""
"GSE16879","PDGFR_KIT_CSF1R",5,5,1,""
"GSE16879","PI3K_AKT",9,9,1,""
"GSE16879","RAS_MAPK",12,12,1,""
"GSE16879","RET_ALK_NTRK",6,6,1,""
"GSE16879","SRC_FAK",5,5,1,""
"GSE16879","TAM_AXL_AXIS",3,3,1,""
"GSE16879","TGFB_SMAD",5,5,1,""
"GSE16879","TIE_ANGPT_AXIS",3,3,1,""
"GSE16879","VEGF_PDGF_AXIS",9,9,1,""
"GSE16879","WNT_CTNNB1",4,4,1,""
"GSE179285","EPH_RECEPTORS",4,4,1,""
"GSE179285","ERBB_LIGANDS",6,6,1,""
"GSE179285","ERBB_RECEPTORS",4,4,1,""
"GSE179285","FGFR_AXIS",8,8,1,""
"GSE179285","HGF_MET_AXIS",3,3,1,""
"GSE179285","IGF_INSR_AXIS",4,4,1,""
"GSE179285","JAK_STAT",9,9,1,""
"GSE179285","PDGFR_KIT_CSF1R",5,5,1,""
"GSE179285","PI3K_AKT",9,9,1,""
"GSE179285","RAS_MAPK",12,12,1,""
"GSE179285","RET_ALK_NTRK",6,6,1,""
"GSE179285","SRC_FAK",5,5,1,""
"GSE179285","TAM_AXL_AXIS",3,3,1,""
"GSE179285","TGFB_SMAD",5,5,1,""
"GSE179285","TIE_ANGPT_AXIS",3,3,1,""
"GSE179285","VEGF_PDGF_AXIS",9,9,1,""
"GSE179285","WNT_CTNNB1",4,4,1,""
"GSE19804","EPH_RECEPTORS",4,4,1,""
"GSE19804","ERBB_LIGANDS",6,6,1,""
"GSE19804","ERBB_RECEPTORS",4,4,1,""
"GSE19804","FGFR_AXIS",8,8,1,""
"GSE19804","HGF_MET_AXIS",3,3,1,""
"GSE19804","IGF_INSR_AXIS",4,3,0.75,"IGF2"
"GSE19804","JAK_STAT",9,9,1,""
"GSE19804","PDGFR_KIT_CSF1R",5,5,1,""
"GSE19804","PI3K_AKT",9,9,1,""
"GSE19804","RAS_MAPK",12,12,1,""
"GSE19804","RET_ALK_NTRK",6,6,1,""
"GSE19804","SRC_FAK",5,5,1,""
"GSE19804","TAM_AXL_AXIS",3,3,1,""
"GSE19804","TGFB_SMAD",5,5,1,""
"GSE19804","TIE_ANGPT_AXIS",3,3,1,""
"GSE19804","VEGF_PDGF_AXIS",9,9,1,""
"GSE19804","WNT_CTNNB1",4,4,1,""
"GSE23878","EPH_RECEPTORS",4,4,1,""
"GSE23878","ERBB_LIGANDS",6,6,1,""
"GSE23878","ERBB_RECEPTORS",4,4,1,""
"GSE23878","FGFR_AXIS",8,8,1,""
"GSE23878","HGF_MET_AXIS",3,3,1,""
"GSE23878","IGF_INSR_AXIS",4,3,0.75,"IGF2"
"GSE23878","JAK_STAT",9,9,1,""
"GSE23878","PDGFR_KIT_CSF1R",5,5,1,""
"GSE23878","PI3K_AKT",9,9,1,""
"GSE23878","RAS_MAPK",12,12,1,""
"GSE23878","RET_ALK_NTRK",6,6,1,""
"GSE23878","SRC_FAK",5,5,1,""
"GSE23878","TAM_AXL_AXIS",3,3,1,""
"GSE23878","TGFB_SMAD",5,5,1,""
"GSE23878","TIE_ANGPT_AXIS",3,3,1,""
"GSE23878","VEGF_PDGF_AXIS",9,9,1,""
"GSE23878","WNT_CTNNB1",4,4,1,""
"GSE32863","EPH_RECEPTORS",4,4,1,""
"GSE32863","ERBB_LIGANDS",6,6,1,""
"GSE32863","ERBB_RECEPTORS",4,4,1,""
"GSE32863","FGFR_AXIS",8,7,0.875,"FGFR2"
"GSE32863","HGF_MET_AXIS",3,3,1,""
"GSE32863","IGF_INSR_AXIS",4,4,1,""
"GSE32863","JAK_STAT",9,9,1,""
"GSE32863","PDGFR_KIT_CSF1R",5,5,1,""
"GSE32863","PI3K_AKT",9,9,1,""
"GSE32863","RAS_MAPK",12,12,1,""
"GSE32863","RET_ALK_NTRK",6,6,1,""
"GSE32863","SRC_FAK",5,5,1,""
"GSE32863","TAM_AXL_AXIS",3,3,1,""
"GSE32863","TGFB_SMAD",5,5,1,""
"GSE32863","TIE_ANGPT_AXIS",3,3,1,""
"GSE32863","VEGF_PDGF_AXIS",9,9,1,""
"GSE32863","WNT_CTNNB1",4,4,1,""
"GSE41258","EPH_RECEPTORS",4,4,1,""
"GSE41258","ERBB_LIGANDS",6,6,1,""
"GSE41258","ERBB_RECEPTORS",4,4,1,""
"GSE41258","FGFR_AXIS",8,7,0.875,"FGF10"
"GSE41258","HGF_MET_AXIS",3,3,1,""
"GSE41258","IGF_INSR_AXIS",4,3,0.75,"IGF2"
"GSE41258","JAK_STAT",9,9,1,""
"GSE41258","PDGFR_KIT_CSF1R",5,5,1,""
"GSE41258","PI3K_AKT",9,8,0.889,"RPTOR"
"GSE41258","RAS_MAPK",12,11,0.917,"BRAF"
"GSE41258","RET_ALK_NTRK",6,6,1,""
"GSE41258","SRC_FAK",5,5,1,""
"GSE41258","TAM_AXL_AXIS",3,3,1,""
"GSE41258","TGFB_SMAD",5,5,1,""
"GSE41258","TIE_ANGPT_AXIS",3,3,1,""
"GSE41258","VEGF_PDGF_AXIS",9,9,1,""
"GSE41258","WNT_CTNNB1",4,3,0.75,"AXIN2"
"GSE4302","EPH_RECEPTORS",4,4,1,""
"GSE4302","ERBB_LIGANDS",6,6,1,""
"GSE4302","ERBB_RECEPTORS",4,4,1,""
"GSE4302","FGFR_AXIS",8,8,1,""
"GSE4302","HGF_MET_AXIS",3,3,1,""
"GSE4302","IGF_INSR_AXIS",4,3,0.75,"IGF2"
"GSE4302","JAK_STAT",9,9,1,""
"GSE4302","PDGFR_KIT_CSF1R",5,5,1,""
"GSE4302","PI3K_AKT",9,9,1,""
"GSE4302","RAS_MAPK",12,12,1,""
"GSE4302","RET_ALK_NTRK",6,6,1,""
"GSE4302","SRC_FAK",5,5,1,""
"GSE4302","TAM_AXL_AXIS",3,3,1,""
"GSE4302","TGFB_SMAD",5,5,1,""
"GSE4302","TIE_ANGPT_AXIS",3,3,1,""
"GSE4302","VEGF_PDGF_AXIS",9,9,1,""
"GSE4302","WNT_CTNNB1",4,4,1,""
"GSE43696","EPH_RECEPTORS",4,4,1,""
"GSE43696","ERBB_LIGANDS",6,6,1,""
"GSE43696","ERBB_RECEPTORS",4,4,1,""
"GSE43696","FGFR_AXIS",8,8,1,""
"GSE43696","HGF_MET_AXIS",3,3,1,""
"GSE43696","IGF_INSR_AXIS",4,4,1,""
"GSE43696","JAK_STAT",9,9,1,""
"GSE43696","PDGFR_KIT_CSF1R",5,5,1,""
"GSE43696","PI3K_AKT",9,9,1,""
"GSE43696","RAS_MAPK",12,12,1,""
"GSE43696","RET_ALK_NTRK",6,6,1,""
"GSE43696","SRC_FAK",5,5,1,""
"GSE43696","TAM_AXL_AXIS",3,3,1,""
"GSE43696","TGFB_SMAD",5,5,1,""
"GSE43696","TIE_ANGPT_AXIS",3,3,1,""
"GSE43696","VEGF_PDGF_AXIS",9,9,1,""
"GSE43696","WNT_CTNNB1",4,4,1,""
"GSE44076","EPH_RECEPTORS",4,4,1,""
"GSE44076","ERBB_LIGANDS",6,6,1,""
"GSE44076","ERBB_RECEPTORS",4,4,1,""
"GSE44076","FGFR_AXIS",8,8,1,""
"GSE44076","HGF_MET_AXIS",3,3,1,""
"GSE44076","IGF_INSR_AXIS",4,4,1,""
"GSE44076","JAK_STAT",9,9,1,""
"GSE44076","PDGFR_KIT_CSF1R",5,5,1,""
"GSE44076","PI3K_AKT",9,9,1,""
"GSE44076","RAS_MAPK",12,12,1,""
"GSE44076","RET_ALK_NTRK",6,6,1,""
"GSE44076","SRC_FAK",5,5,1,""
"GSE44076","TAM_AXL_AXIS",3,3,1,""
"GSE44076","TGFB_SMAD",5,5,1,""
"GSE44076","TIE_ANGPT_AXIS",3,3,1,""
"GSE44076","VEGF_PDGF_AXIS",9,9,1,""
"GSE44076","WNT_CTNNB1",4,4,1,""
"GSE67472","EPH_RECEPTORS",4,4,1,""
"GSE67472","ERBB_LIGANDS",6,5,0.833,"AREG"
"GSE67472","ERBB_RECEPTORS",4,4,1,""
"GSE67472","FGFR_AXIS",8,8,1,""
"GSE67472","HGF_MET_AXIS",3,3,1,""
"GSE67472","IGF_INSR_AXIS",4,3,0.75,"IGF2"
"GSE67472","JAK_STAT",9,9,1,""
"GSE67472","PDGFR_KIT_CSF1R",5,5,1,""
"GSE67472","PI3K_AKT",9,9,1,""
"GSE67472","RAS_MAPK",12,12,1,""
"GSE67472","RET_ALK_NTRK",6,6,1,""
"GSE67472","SRC_FAK",5,5,1,""
"GSE67472","TAM_AXL_AXIS",3,3,1,""
"GSE67472","TGFB_SMAD",5,5,1,""
"GSE67472","TIE_ANGPT_AXIS",3,3,1,""
"GSE67472","VEGF_PDGF_AXIS",9,9,1,""
"GSE67472","WNT_CTNNB1",4,4,1,""
"GSE75214","EPH_RECEPTORS",4,4,1,""
"GSE75214","ERBB_LIGANDS",6,6,1,""
"GSE75214","ERBB_RECEPTORS",4,4,1,""
"GSE75214","FGFR_AXIS",8,8,1,""
"GSE75214","HGF_MET_AXIS",3,3,1,""
"GSE75214","IGF_INSR_AXIS",4,3,0.75,"IGF2"
"GSE75214","JAK_STAT",9,9,1,""
"GSE75214","PDGFR_KIT_CSF1R",5,4,0.8,"PDGFRB"
"GSE75214","PI3K_AKT",9,9,1,""
"GSE75214","RAS_MAPK",12,10,0.833,"BRAF;RAF1"
"GSE75214","RET_ALK_NTRK",6,2,0.333,"RET;ALK;ROS1;NTRK1"
"GSE75214","SRC_FAK",5,5,1,""
"GSE75214","TAM_AXL_AXIS",3,3,1,""
"GSE75214","TGFB_SMAD",5,5,1,""
"GSE75214","TIE_ANGPT_AXIS",3,3,1,""
"GSE75214","VEGF_PDGF_AXIS",9,9,1,""
"GSE75214","WNT_CTNNB1",4,4,1,""
"GSE87473","EPH_RECEPTORS",4,4,1,""
"GSE87473","ERBB_LIGANDS",6,6,1,""
"GSE87473","ERBB_RECEPTORS",4,4,1,""
"GSE87473","FGFR_AXIS",8,8,1,""
"GSE87473","HGF_MET_AXIS",3,3,1,""
"GSE87473","IGF_INSR_AXIS",4,3,0.75,"IGF2"
"GSE87473","JAK_STAT",9,9,1,""
"GSE87473","PDGFR_KIT_CSF1R",5,5,1,""
"GSE87473","PI3K_AKT",9,9,1,""
"GSE87473","RAS_MAPK",12,12,1,""
"GSE87473","RET_ALK_NTRK",6,6,1,""
"GSE87473","SRC_FAK",5,5,1,""
"GSE87473","TAM_AXL_AXIS",3,3,1,""
"GSE87473","TGFB_SMAD",5,5,1,""
"GSE87473","TIE_ANGPT_AXIS",3,3,1,""
"GSE87473","VEGF_PDGF_AXIS",9,9,1,""
"GSE87473","WNT_CTNNB1",4,4,1,""
