"disease","feature","n","n_fdr_joint","pos_joint","neg_joint","median_d_adj","majority","joint_robust"
"Asthma","EPH_RECEPTORS",3,0,1,2,-0.0427046195733864,2,FALSE
"Asthma","ERBB_LIGANDS",3,0,1,2,-0.208759343214564,2,FALSE
"Asthma","ERBB_RECEPTORS",3,0,0,3,-0.379868436660841,3,FALSE
"Asthma","FGFR_AXIS",3,0,1,2,-0.1412535976889,2,FALSE
"Asthma","HGF_MET_AXIS",3,0,0,3,-0.312908649115107,3,FALSE
"Asthma","IGF_INSR_AXIS",3,1,0,3,-0.7219204924661,3,FALSE
"Asthma","JAK_STAT",3,0,0,3,-0.323297522423319,3,FALSE
"Asthma","PDGFR_KIT_CSF1R",3,0,3,0,0.356734415088121,3,FALSE
"Asthma","PI3K_AKT",3,0,3,0,0.173851813000087,3,FALSE
"Asthma","RAS_MAPK",3,0,3,0,0.118987667216976,3,FALSE
"Asthma","RET_ALK_NTRK",3,0,2,1,0.0417102711671734,2,FALSE
"Asthma","SRC_FAK",3,0,2,1,0.209465559057372,2,FALSE
"Asthma","TAM_AXL_AXIS",3,0,2,1,0.239288381899341,2,FALSE
"Asthma","TGFB_SMAD",3,0,1,2,-0.0531433198526628,2,FALSE
"Asthma","TIE_ANGPT_AXIS",3,0,1,2,-0.0422512341439147,2,FALSE
"Asthma","VEGF_PDGF_AXIS",3,0,0,3,-0.421209075273871,3,FALSE
"Asthma","WNT_CTNNB1",3,0,0,3,-0.373857536219896,3,FALSE
"COPD","EPH_RECEPTORS",2,0,1,1,0.196835595071987,1,FALSE
"COPD","ERBB_LIGANDS",2,0,0,2,-0.183721246339893,2,FALSE
"COPD","ERBB_RECEPTORS",2,0,1,1,0.0458002930220155,1,FALSE
"COPD","FGFR_AXIS",2,0,1,1,0.0306818582116945,1,FALSE
"COPD","HGF_MET_AXIS",1,0,0,1,-0.273002373106531,1,FALSE
"COPD","IGF_INSR_AXIS",2,0,1,1,-0.178363882592584,1,FALSE
"COPD","JAK_STAT",2,0,1,1,-0.0177157390903925,1,FALSE
"COPD","PDGFR_KIT_CSF1R",2,0,2,0,0.234451515286849,2,FALSE
"COPD","PI3K_AKT",2,0,1,1,-0.0571323990188665,1,FALSE
"COPD","RAS_MAPK",2,1,0,2,-0.320138413177634,2,FALSE
"COPD","RET_ALK_NTRK",2,1,2,0,0.552666989114785,2,FALSE
"COPD","SRC_FAK",2,0,0,2,-0.304003305507046,2,FALSE
"COPD","TAM_AXL_AXIS",1,0,1,0,0.0946951612435907,1,FALSE
"COPD","TGFB_SMAD",2,0,1,1,-0.061432699906223,1,FALSE
"COPD","TIE_ANGPT_AXIS",2,0,2,0,0.348224033774782,2,FALSE
"COPD","VEGF_PDGF_AXIS",2,0,0,2,-0.279702387991014,2,FALSE
"COPD","WNT_CTNNB1",2,1,0,2,-0.380712348857903,2,FALSE
"CRC","EPH_RECEPTORS",2,2,2,0,1.35742113835519,2,TRUE
"CRC","ERBB_LIGANDS",2,1,0,2,-0.359627287883326,2,FALSE
"CRC","ERBB_RECEPTORS",2,0,0,2,-0.201312708811136,2,FALSE
"CRC","FGFR_AXIS",2,2,0,2,-1.47162440167364,2,TRUE
"CRC","HGF_MET_AXIS",2,1,2,0,0.820769278842945,2,FALSE
"CRC","IGF_INSR_AXIS",2,2,0,2,-0.880652806070456,2,TRUE
"CRC","JAK_STAT",2,1,2,0,0.745095186620184,2,FALSE
"CRC","PDGFR_KIT_CSF1R",2,1,0,2,-0.467437651278275,2,FALSE
"CRC","PI3K_AKT",2,0,0,2,-0.154562217531606,2,FALSE
"CRC","RAS_MAPK",2,0,0,2,-0.278062206665918,2,FALSE
"CRC","RET_ALK_NTRK",2,1,0,2,-0.778891400369307,2,FALSE
"CRC","SRC_FAK",2,1,0,2,-0.356081073531809,2,FALSE
"CRC","TAM_AXL_AXIS",2,1,2,0,0.473618843590631,2,FALSE
"CRC","TGFB_SMAD",2,1,1,1,0.052076954863905,1,FALSE
"CRC","TIE_ANGPT_AXIS",2,0,2,0,0.326979567493467,2,FALSE
"CRC","VEGF_PDGF_AXIS",2,2,2,0,1.46556365053635,2,TRUE
"CRC","WNT_CTNNB1",2,2,2,0,2.46913233664832,2,TRUE
"HCC","EPH_RECEPTORS",1,0,0,1,-0.544211308624998,1,FALSE
"HCC","ERBB_LIGANDS",1,1,0,1,-1.41287397670182,1,FALSE
"HCC","ERBB_RECEPTORS",1,0,0,1,-0.409270023468084,1,FALSE
"HCC","FGFR_AXIS",1,1,0,1,-1.59662005735381,1,FALSE
"HCC","HGF_MET_AXIS",1,0,0,1,-0.709782317099742,1,FALSE
"HCC","IGF_INSR_AXIS",1,1,0,1,-1.46776247248989,1,FALSE
"HCC","JAK_STAT",1,1,1,0,1.70332888341725,1,FALSE
"HCC","PDGFR_KIT_CSF1R",1,0,0,1,-0.663709872336718,1,FALSE
"HCC","PI3K_AKT",1,0,1,0,1.23888966814049,1,FALSE
"HCC","RAS_MAPK",1,0,1,0,0.0822058369038758,1,FALSE
"HCC","RET_ALK_NTRK",1,0,0,1,-0.712230597334111,1,FALSE
"HCC","SRC_FAK",1,0,0,1,-1.05344592196194,1,FALSE
"HCC","TAM_AXL_AXIS",1,0,0,1,-1.12745264415126,1,FALSE
"HCC","TGFB_SMAD",1,0,1,0,1.02840445291207,1,FALSE
"HCC","TIE_ANGPT_AXIS",1,1,0,1,-1.36326252606243,1,FALSE
"HCC","VEGF_PDGF_AXIS",1,0,0,1,-1.15819184652425,1,FALSE
"HCC","WNT_CTNNB1",1,0,1,0,0.667485118585849,1,FALSE
"IBD","EPH_RECEPTORS",3,0,1,2,-0.206999017424072,2,FALSE
"IBD","ERBB_LIGANDS",3,1,3,0,0.0964647145462669,3,FALSE
"IBD","ERBB_RECEPTORS",3,0,0,3,-0.334753986842768,3,FALSE
"IBD","FGFR_AXIS",3,1,0,3,-0.39819763365394,3,FALSE
"IBD","HGF_MET_AXIS",3,1,3,0,0.806480240285871,3,FALSE
"IBD","IGF_INSR_AXIS",3,1,0,3,-0.541417346048756,3,FALSE
"IBD","JAK_STAT",3,3,3,0,1.02997536046424,3,TRUE
"IBD","PDGFR_KIT_CSF1R",3,0,3,0,0.429372635643979,3,FALSE
"IBD","PI3K_AKT",3,0,1,2,-0.0531725025057147,2,FALSE
"IBD","RAS_MAPK",3,1,2,1,0.48008755817566,2,FALSE
"IBD","RET_ALK_NTRK",2,0,2,0,0.457996316395939,2,FALSE
"IBD","SRC_FAK",3,0,3,0,0.609703989216226,3,FALSE
"IBD","TAM_AXL_AXIS",3,0,1,2,-0.113674358533863,2,FALSE
"IBD","TGFB_SMAD",3,0,2,1,0.395159683876021,2,FALSE
"IBD","TIE_ANGPT_AXIS",3,0,2,1,0.0547269837762931,2,FALSE
"IBD","VEGF_PDGF_AXIS",3,1,1,2,-0.19088620721053,2,FALSE
"IBD","WNT_CTNNB1",3,1,2,1,0.2161528860388,2,FALSE
"NAFLD","EPH_RECEPTORS",2,1,0,2,-0.556737970652136,2,FALSE
"NAFLD","ERBB_LIGANDS",2,0,1,1,0.122519781642198,1,FALSE
"NAFLD","ERBB_RECEPTORS",2,0,1,1,-0.010750975573184,1,FALSE
"NAFLD","FGFR_AXIS",2,0,1,1,0.0922007412179525,1,FALSE
"NAFLD","HGF_MET_AXIS",2,0,0,2,-0.8018757507077,2,FALSE
"NAFLD","IGF_INSR_AXIS",2,0,0,2,-0.756816743551184,2,FALSE
"NAFLD","JAK_STAT",2,0,1,1,-0.09663404526789,1,FALSE
"NAFLD","PDGFR_KIT_CSF1R",2,0,1,1,-0.129344339847922,1,FALSE
"NAFLD","PI3K_AKT",2,0,0,2,-0.346216416351499,2,FALSE
"NAFLD","RAS_MAPK",2,0,2,0,0.451084801158852,2,FALSE
"NAFLD","RET_ALK_NTRK",1,0,0,1,-0.416344823884448,1,FALSE
"NAFLD","SRC_FAK",2,0,1,1,-0.182999794964111,1,FALSE
"NAFLD","TAM_AXL_AXIS",2,0,0,2,-0.289248358347474,2,FALSE
"NAFLD","TGFB_SMAD",2,0,0,2,-0.687550869567052,2,FALSE
"NAFLD","TIE_ANGPT_AXIS",2,0,1,1,0.167991543517218,1,FALSE
"NAFLD","VEGF_PDGF_AXIS",2,0,1,1,-0.0031243604905985,1,FALSE
"NAFLD","WNT_CTNNB1",2,0,1,1,0.0500684614294856,1,FALSE
"STAD","EPH_RECEPTORS",1,1,1,0,1.89471289004866,1,FALSE
"STAD","ERBB_LIGANDS",1,1,0,1,-0.924538422644179,1,FALSE
"STAD","ERBB_RECEPTORS",1,1,0,1,-0.902416673598841,1,FALSE
"STAD","FGFR_AXIS",1,0,0,1,-0.419956400267249,1,FALSE
"STAD","HGF_MET_AXIS",1,1,1,0,0.72387886385768,1,FALSE
"STAD","IGF_INSR_AXIS",1,0,0,1,-0.349055149859623,1,FALSE
"STAD","JAK_STAT",1,1,1,0,1.1167253540619,1,FALSE
"STAD","PDGFR_KIT_CSF1R",1,1,0,1,-1.61785164716527,1,FALSE
"STAD","PI3K_AKT",1,1,1,0,0.602189128864643,1,FALSE
"STAD","RAS_MAPK",1,1,1,0,1.05491351896611,1,FALSE
"STAD","RET_ALK_NTRK",1,1,0,1,-0.744259106422914,1,FALSE
"STAD","SRC_FAK",1,0,0,1,-0.126433694424135,1,FALSE
"STAD","TAM_AXL_AXIS",1,0,0,1,-0.483837332218145,1,FALSE
"STAD","TGFB_SMAD",1,0,1,0,0.315888392581275,1,FALSE
"STAD","TIE_ANGPT_AXIS",1,0,0,1,-0.0623345372637895,1,FALSE
"STAD","VEGF_PDGF_AXIS",1,1,1,0,0.6522185234755,1,FALSE
"STAD","WNT_CTNNB1",1,1,1,0,1.55334773786637,1,FALSE
