"state","accession","gene","n_members","smd_full","smd_loo","flip","delta"
"CRC WNT_CTNNB1","GSE41258","CTNNB1",4,2.59042072981352,2.50794984002084,FALSE,-0.0824708897926874
"CRC WNT_CTNNB1","GSE41258","MYC",4,2.59042072981352,2.13989144778034,FALSE,-0.450529282033186
"CRC WNT_CTNNB1","GSE41258","CCND1",4,2.59042072981352,1.98776922874034,FALSE,-0.602651501073183
"CRC WNT_CTNNB1","GSE23878","CTNNB1",4,2.56687191729534,3.94538969443687,FALSE,1.37851777714153
"CRC WNT_CTNNB1","GSE23878","AXIN2",4,2.56687191729534,1.83385748063084,FALSE,-0.733014436664496
"CRC WNT_CTNNB1","GSE23878","MYC",4,2.56687191729534,2.14423236672142,FALSE,-0.422639550573921
"CRC WNT_CTNNB1","GSE23878","CCND1",4,2.56687191729534,1.73363682215131,FALSE,-0.833235095144027
"CRC EPH_RECEPTORS","GSE41258","EPHA1",4,1.86578495859881,1.71997116743296,FALSE,-0.145813791165856
"CRC EPH_RECEPTORS","GSE41258","EPHA2",4,1.86578495859881,1.90861423624431,FALSE,0.0428292776454966
"CRC EPH_RECEPTORS","GSE41258","EPHB2",4,1.86578495859881,1.70490375191077,FALSE,-0.160881206688038
"CRC EPH_RECEPTORS","GSE41258","EPHB4",4,1.86578495859881,1.36638133090385,FALSE,-0.499403627694963
"CRC EPH_RECEPTORS","GSE23878","EPHA1",4,1.88593889091891,1.26356924345747,FALSE,-0.622369647461446
"CRC EPH_RECEPTORS","GSE23878","EPHA2",4,1.88593889091891,2.586305931055,FALSE,0.700367040136086
"CRC EPH_RECEPTORS","GSE23878","EPHB2",4,1.88593889091891,1.66651388343388,FALSE,-0.219425007485036
"CRC EPH_RECEPTORS","GSE23878","EPHB4",4,1.88593889091891,1.33466769838903,FALSE,-0.551271192529885
"CRC VEGF_PDGF_AXIS","GSE41258","FLT1",9,1.08933278673441,1.18629625541852,FALSE,0.0969634686841048
"CRC VEGF_PDGF_AXIS","GSE41258","KDR",9,1.08933278673441,1.18795048334984,FALSE,0.0986176966154242
"CRC VEGF_PDGF_AXIS","GSE41258","FLT4",9,1.08933278673441,1.11639790184225,FALSE,0.0270651151078383
"CRC VEGF_PDGF_AXIS","GSE41258","VEGFA",9,1.08933278673441,0.768689395521198,FALSE,-0.320643391213213
"CRC VEGF_PDGF_AXIS","GSE41258","VEGFB",9,1.08933278673441,1.10344363816787,FALSE,0.0141108514334611
"CRC VEGF_PDGF_AXIS","GSE41258","VEGFC",9,1.08933278673441,1.24170820365519,FALSE,0.152375416920781
"CRC VEGF_PDGF_AXIS","GSE41258","PGF",9,1.08933278673441,0.857570812907156,FALSE,-0.231761973827255
"CRC VEGF_PDGF_AXIS","GSE41258","PDGFA",9,1.08933278673441,1.16628907872819,FALSE,0.0769562919937796
"CRC VEGF_PDGF_AXIS","GSE41258","PDGFB",9,1.08933278673441,0.989587200618899,FALSE,-0.0997455861155118
"CRC VEGF_PDGF_AXIS","GSE23878","FLT1",9,0.646035018723919,0.643879213373366,FALSE,-0.00215580535055349
"CRC VEGF_PDGF_AXIS","GSE23878","KDR",9,0.646035018723919,0.715256337647986,FALSE,0.0692213189240668
"CRC VEGF_PDGF_AXIS","GSE23878","FLT4",9,0.646035018723919,0.661676700043189,FALSE,0.0156416813192697
"CRC VEGF_PDGF_AXIS","GSE23878","VEGFA",9,0.646035018723919,0.454257095423703,FALSE,-0.191777923300216
"CRC VEGF_PDGF_AXIS","GSE23878","VEGFB",9,0.646035018723919,0.635503811906384,FALSE,-0.0105312068175351
"CRC VEGF_PDGF_AXIS","GSE23878","VEGFC",9,0.646035018723919,0.798542550326828,FALSE,0.152507531602909
"CRC VEGF_PDGF_AXIS","GSE23878","PGF",9,0.646035018723919,0.461253839922862,FALSE,-0.184781178801057
"CRC VEGF_PDGF_AXIS","GSE23878","PDGFA",9,0.646035018723919,0.718095589534836,FALSE,0.0720605708109172
"CRC VEGF_PDGF_AXIS","GSE23878","PDGFB",9,0.646035018723919,0.597188789996385,FALSE,-0.0488462287275336
"CRC FGFR_AXIS","GSE41258","FGFR1",8,-1.29817190884205,-1.27871518079215,FALSE,0.0194567280499074
"CRC FGFR_AXIS","GSE41258","FGFR2",8,-1.29817190884205,-0.919206983977194,FALSE,0.37896492486486
"CRC FGFR_AXIS","GSE41258","FGFR3",8,-1.29817190884205,-1.02849522141089,FALSE,0.269676687431166
"CRC FGFR_AXIS","GSE41258","FGFR4",8,-1.29817190884205,-1.53569029798604,FALSE,-0.237518389143989
"CRC FGFR_AXIS","GSE41258","FGF1",8,-1.29817190884205,-1.60383300887252,FALSE,-0.30566110003047
"CRC FGFR_AXIS","GSE41258","FGF2",8,-1.29817190884205,-1.14451130605458,FALSE,0.153660602787476
"CRC FGFR_AXIS","GSE41258","FGF7",8,-1.29817190884205,-1.12723657193084,FALSE,0.170935336911218
"CRC FGFR_AXIS","GSE23878","FGFR1",8,-1.70202181824785,-1.7670042394269,FALSE,-0.0649824211790451
"CRC FGFR_AXIS","GSE23878","FGFR2",8,-1.70202181824785,-1.2695683268704,FALSE,0.43245349137745
"CRC FGFR_AXIS","GSE23878","FGFR3",8,-1.70202181824785,-1.37358011586014,FALSE,0.328441702387712
"CRC FGFR_AXIS","GSE23878","FGFR4",8,-1.70202181824785,-2.31316879381752,FALSE,-0.611146975569667
"CRC FGFR_AXIS","GSE23878","FGF1",8,-1.70202181824785,-1.77043609230027,FALSE,-0.0684142740524161
"CRC FGFR_AXIS","GSE23878","FGF2",8,-1.70202181824785,-1.45741006951086,FALSE,0.244611748736994
"CRC FGFR_AXIS","GSE23878","FGF7",8,-1.70202181824785,-1.53834312187628,FALSE,0.163678696371576
"CRC FGFR_AXIS","GSE23878","FGF10",8,-1.70202181824785,-1.61964377954732,FALSE,0.0823780387005282
"CRC IGF_INSR_AXIS","GSE41258","IGF1R",4,-0.880941992248855,-1.16407838452445,FALSE,-0.283136392275595
"CRC IGF_INSR_AXIS","GSE41258","INSR",4,-0.880941992248855,-0.845043943867374,FALSE,0.0358980483814813
"CRC IGF_INSR_AXIS","GSE41258","IGF1",4,-0.880941992248855,-0.245626956435105,FALSE,0.63531503581375
"CRC IGF_INSR_AXIS","GSE23878","IGF1R",4,-0.691015583482067,-1.08975214983126,FALSE,-0.398736566349194
"CRC IGF_INSR_AXIS","GSE23878","INSR",4,-0.691015583482067,-0.747697040917886,FALSE,-0.0566814574358191
"CRC IGF_INSR_AXIS","GSE23878","IGF1",4,-0.691015583482067,-0.11663463897843,FALSE,0.574380944503638
"IBD JAK_STAT","GSE75214","JAK1",9,1.9986501550238,1.87732079341908,FALSE,-0.121329361604723
"IBD JAK_STAT","GSE75214","JAK2",9,1.9986501550238,1.86914393880825,FALSE,-0.129506216215552
"IBD JAK_STAT","GSE75214","JAK3",9,1.9986501550238,1.92316452428479,FALSE,-0.0754856307390119
"IBD JAK_STAT","GSE75214","TYK2",9,1.9986501550238,1.97040965918251,FALSE,-0.0282404958412903
"IBD JAK_STAT","GSE75214","STAT1",9,1.9986501550238,1.87787891692218,FALSE,-0.120771238101619
"IBD JAK_STAT","GSE75214","STAT3",9,1.9986501550238,1.84214962756262,FALSE,-0.156500527461183
"IBD JAK_STAT","GSE75214","STAT5A",9,1.9986501550238,2.05394467335592,FALSE,0.0552945183321152
"IBD JAK_STAT","GSE75214","STAT5B",9,1.9986501550238,2.09154731091223,FALSE,0.0928971558884248
"IBD JAK_STAT","GSE75214","STAT6",9,1.9986501550238,2.24864346048076,FALSE,0.24999330545696
"IBD JAK_STAT","GSE87473","JAK1",9,1.90121920225641,1.89806713588912,FALSE,-0.00315206636729792
"IBD JAK_STAT","GSE87473","JAK2",9,1.90121920225641,1.8223287501365,FALSE,-0.0788904521199139
"IBD JAK_STAT","GSE87473","JAK3",9,1.90121920225641,1.84432757574587,FALSE,-0.0568916265105455
"IBD JAK_STAT","GSE87473","TYK2",9,1.90121920225641,1.9270452034533,FALSE,0.0258260011968838
"IBD JAK_STAT","GSE87473","STAT1",9,1.90121920225641,1.82728340827196,FALSE,-0.0739357939844534
"IBD JAK_STAT","GSE87473","STAT3",9,1.90121920225641,1.82227648474355,FALSE,-0.078942717512863
"IBD JAK_STAT","GSE87473","STAT5A",9,1.90121920225641,1.89454818474398,FALSE,-0.00667101751243293
"IBD JAK_STAT","GSE87473","STAT5B",9,1.90121920225641,1.87952161026815,FALSE,-0.0216975919882598
"IBD JAK_STAT","GSE87473","STAT6",9,1.90121920225641,1.97166812076158,FALSE,0.0704489185051653
"IBD JAK_STAT","GSE179285","JAK1",9,1.35759154506285,1.28032688621794,FALSE,-0.0772646588449106
"IBD JAK_STAT","GSE179285","JAK2",9,1.35759154506285,1.25228242945248,FALSE,-0.105309115610371
"IBD JAK_STAT","GSE179285","JAK3",9,1.35759154506285,1.38335647125052,FALSE,0.025764926187666
"IBD JAK_STAT","GSE179285","TYK2",9,1.35759154506285,1.35594211488539,FALSE,-0.001649430177459
"IBD JAK_STAT","GSE179285","STAT1",9,1.35759154506285,1.30337122762393,FALSE,-0.0542203174389249
"IBD JAK_STAT","GSE179285","STAT3",9,1.35759154506285,1.33974536345421,FALSE,-0.0178461816086408
"IBD JAK_STAT","GSE179285","STAT5A",9,1.35759154506285,1.29986111896252,FALSE,-0.0577304261003324
"IBD JAK_STAT","GSE179285","STAT5B",9,1.35759154506285,1.37364881579291,FALSE,0.0160572707300624
"IBD JAK_STAT","GSE179285","STAT6",9,1.35759154506285,1.47629040778042,FALSE,0.118698862717572
"CRC ERBB_LIGANDS","GSE41258","EGF",6,-0.368326155568458,-0.230162323533806,FALSE,0.138163832034652
"CRC ERBB_LIGANDS","GSE41258","TGFA",6,-0.368326155568458,-0.242579263181256,FALSE,0.125746892387202
"CRC ERBB_LIGANDS","GSE41258","AREG",6,-0.368326155568458,-0.681721144190082,FALSE,-0.313394988621625
"CRC ERBB_LIGANDS","GSE41258","EREG",6,-0.368326155568458,-0.659754714798763,FALSE,-0.291428559230306
"CRC ERBB_LIGANDS","GSE41258","HBEGF",6,-0.368326155568458,-0.426814022469914,FALSE,-0.0584878669014568
"CRC ERBB_LIGANDS","GSE41258","NRG1",6,-0.368326155568458,0.0882695594614668,TRUE,0.456595715029924
"CRC ERBB_LIGANDS","GSE23878","EGF",6,-0.367770626227353,-0.24255977851816,FALSE,0.125210847709193
"CRC ERBB_LIGANDS","GSE23878","TGFA",6,-0.367770626227353,-0.136028414519966,FALSE,0.231742211707387
"CRC ERBB_LIGANDS","GSE23878","AREG",6,-0.367770626227353,-0.575886371111248,FALSE,-0.208115744883895
"CRC ERBB_LIGANDS","GSE23878","EREG",6,-0.367770626227353,-0.714336913177372,FALSE,-0.346566286950019
"CRC ERBB_LIGANDS","GSE23878","HBEGF",6,-0.367770626227353,-0.243181548877237,FALSE,0.124589077350116
"CRC ERBB_LIGANDS","GSE23878","NRG1",6,-0.367770626227353,-0.363865009296776,FALSE,0.00390561693057695
"CRC PDGFR_KIT_CSF1R","GSE41258","PDGFRA",5,-1.06919679692872,-0.780079622118047,FALSE,0.289117174810668
"CRC PDGFR_KIT_CSF1R","GSE41258","PDGFRB",5,-1.06919679692872,-1.82585971076956,FALSE,-0.756662913840844
"CRC PDGFR_KIT_CSF1R","GSE41258","KIT",5,-1.06919679692872,-0.600374554207211,FALSE,0.468822242721504
"CRC PDGFR_KIT_CSF1R","GSE41258","CSF1R",5,-1.06919679692872,-0.961043885552805,FALSE,0.10815291137591
"CRC PDGFR_KIT_CSF1R","GSE41258","FLT3",5,-1.06919679692872,-0.946986505864588,FALSE,0.122210291064127
"CRC PDGFR_KIT_CSF1R","GSE23878","PDGFRA",5,-1.07629322072237,-1.04879121554044,FALSE,0.0275020051819321
"CRC PDGFR_KIT_CSF1R","GSE23878","PDGFRB",5,-1.07629322072237,-1.83554273667917,FALSE,-0.759249515956799
"CRC PDGFR_KIT_CSF1R","GSE23878","KIT",5,-1.07629322072237,-0.625239500746525,FALSE,0.451053719975847
"CRC PDGFR_KIT_CSF1R","GSE23878","CSF1R",5,-1.07629322072237,-0.818522185531759,FALSE,0.257771035190613
"CRC PDGFR_KIT_CSF1R","GSE23878","FLT3",5,-1.07629322072237,-0.810241878136254,FALSE,0.266051342586118
"COPD SRC_FAK","GSE76925","SRC",5,-0.278776314371841,-0.322523582527776,FALSE,-0.0437472681559354
"COPD SRC_FAK","GSE76925","FYN",5,-0.278776314371841,-0.367220149182473,FALSE,-0.0884438348106328
"COPD SRC_FAK","GSE76925","YES1",5,-0.278776314371841,0.114127120158783,TRUE,0.392903434530623
"COPD SRC_FAK","GSE76925","PTK2",5,-0.278776314371841,-0.21017181426051,FALSE,0.0686045001113309
"COPD SRC_FAK","GSE76925","PTK2B",5,-0.278776314371841,-0.451934046648129,FALSE,-0.173157732276288
"COPD SRC_FAK","GSE47460","SRC",5,-0.280518517499887,-0.27363241880119,FALSE,0.00688609869869738
"COPD SRC_FAK","GSE47460","FYN",5,-0.280518517499887,-0.225745701953742,FALSE,0.054772815546145
"COPD SRC_FAK","GSE47460","YES1",5,-0.280518517499887,-0.454670933618248,FALSE,-0.17415241611836
"COPD SRC_FAK","GSE47460","PTK2",5,-0.280518517499887,-0.122359177810292,FALSE,0.158159339689595
